product_id,image_url,sort_order,is_primary
U-Cable-Patch-RJ45-Indoor,/images/products/Product-CloudKey-Enterprise.png,0,1
U-Cable-Patch-RJ45-Indoor,/images/banners/dcs-overview-1.png,1,0
U-Cable-Patch-RJ45-Indoor,/images/banners/dcs-overview-2.png,2,0
U-Cable-Patch-RJ45-Outdoor,/images/products/Product-CloudKey-Enterprise.png,0,1
U-Cable-Patch-RJ45-Outdoor,/images/banners/dcs-overview-1.png,1,0
U-Cable-Patch-RJ45-Outdoor,/images/banners/dcs-overview-2.png,2,0
UACC-Cable-Patch-EL-0.15M-W,/images/products/Product-CloudKey-Enterprise.png,0,1
UACC-Cable-Patch-EL-0.15M-W,/images/banners/dcs-overview-1.png,1,0
UACC-Cable-Patch-EL-0.15M-W,/images/banners/dcs-overview-2.png,2,0
ENVR,/images/camera.jpg,0,1
ENVR,/images/banners/dcs-overview-1.png,1,0
ENVR,/images/banners/dcs-overview-2.png,2,0
UNVR-Pro,/images/camera.jpg,0,1
UNVR-Pro,/images/banners/dcs-overview-1.png,1,0
UNVR-Pro,/images/banners/dcs-overview-2.png,2,0
UNVR,/images/camera.jpg,0,1
UNVR,/images/banners/dcs-overview-1.png,1,0
UNVR,/images/banners/dcs-overview-2.png,2,0
UNVR-Instant,/images/camera.jpg,0,1
UNVR-Instant,/images/banners/dcs-overview-1.png,1,0
UNVR-Instant,/images/banners/dcs-overview-2.png,2,0
UNVR-Instant-Kit,/images/camera.jpg,0,1
UNVR-Instant-Kit,/images/banners/dcs-overview-1.png,1,0
UNVR-Instant-Kit,/images/banners/dcs-overview-2.png,2,0
AI-Key,/images/camera.jpg,0,1
AI-Key,/images/banners/dcs-overview-1.png,1,0
AI-Key,/images/banners/dcs-overview-2.png,2,0
UP-AI-Port,/images/camera.jpg,0,1
UP-AI-Port,/images/banners/dcs-overview-1.png,1,0
UP-AI-Port,/images/banners/dcs-overview-2.png,2,0
UP-Viewport,/images/camera.jpg,0,1
UP-Viewport,/images/banners/dcs-overview-1.png,1,0
UP-Viewport,/images/banners/dcs-overview-2.png,2,0
UCK-G2-SSD,/images/camera.jpg,0,1
UCK-G2-SSD,/images/banners/dcs-overview-1.png,1,0
UCK-G2-SSD,/images/banners/dcs-overview-2.png,2,0
UVC-G6-Pro-Turret,/images/camera.jpg,0,1
UVC-G6-Pro-Turret,/images/banners/dcs-overview-1.png,1,0
UVC-G6-Pro-Turret,/images/banners/dcs-overview-2.png,2,0
UVC-G6-Pro-Dome,/images/camera.jpg,0,1
UVC-G6-Pro-Dome,/images/banners/dcs-overview-1.png,1,0
UVC-G6-Pro-Dome,/images/banners/dcs-overview-2.png,2,0
UVC-G6-Turret,/images/camera.jpg,0,1
UVC-G6-Turret,/images/banners/dcs-overview-1.png,1,0
UVC-G6-Turret,/images/banners/dcs-overview-2.png,2,0
UVC-G6-Dome,/images/camera.jpg,0,1
UVC-G6-Dome,/images/banners/dcs-overview-1.png,1,0
UVC-G6-Dome,/images/banners/dcs-overview-2.png,2,0
UVC-G6-Pro-360-  ,/images/camera.jpg,0,1
UVC-G6-Pro-360-  ,/images/banners/dcs-overview-1.png,1,0
UVC-G6-Pro-360-  ,/images/banners/dcs-overview-2.png,2,0
UVC-G6-180-B/W,/images/camera.jpg,0,1
UVC-G6-180-B/W,/images/banners/dcs-overview-1.png,1,0
UVC-G6-180-B/W,/images/banners/dcs-overview-2.png,2,0
UVC-G5-Turret-Ultra-B/W,/images/camera.jpg,0,1
UVC-G5-Turret-Ultra-B/W,/images/banners/dcs-overview-1.png,1,0
UVC-G5-Turret-Ultra-B/W,/images/banners/dcs-overview-2.png,2,0
UVC-AI-Turret-B/W,/images/camera.jpg,0,1
UVC-AI-Turret-B/W,/images/banners/dcs-overview-1.png,1,0
UVC-AI-Turret-B/W,/images/banners/dcs-overview-2.png,2,0
UVC-AI-Dome-B/W,/images/camera.jpg,0,1
UVC-AI-Dome-B/W,/images/banners/dcs-overview-1.png,1,0
UVC-AI-Dome-B/W,/images/banners/dcs-overview-2.png,2,0
UVC-AI-360-B/W,/images/camera.jpg,0,1
UVC-AI-360-B/W,/images/banners/dcs-overview-1.png,1,0
UVC-AI-360-B/W,/images/banners/dcs-overview-2.png,2,0
UVC-G5-Dome,/images/camera.jpg,0,1
UVC-G5-Dome,/images/banners/dcs-overview-1.png,1,0
UVC-G5-Dome,/images/banners/dcs-overview-2.png,2,0
UVC-G5-Dome-Ultra-B/W,/images/camera.jpg,0,1
UVC-G5-Dome-Ultra-B/W,/images/banners/dcs-overview-1.png,1,0
UVC-G5-Dome-Ultra-B/W,/images/banners/dcs-overview-2.png,2,0
UVC-AI-MS-4-B/W,/images/camera.jpg,0,1
UVC-AI-MS-4-B/W,/images/banners/dcs-overview-1.png,1,0
UVC-AI-MS-4-B/W,/images/banners/dcs-overview-2.png,2,0
UVC-G6-Pro-Bullet-B/W,/images/camera.jpg,0,1
UVC-G6-Pro-Bullet-B/W,/images/banners/dcs-overview-1.png,1,0
UVC-G6-Pro-Bullet-B/W,/images/banners/dcs-overview-2.png,2,0
UVC-G6-Bullet-B/W,/images/camera.jpg,0,1
UVC-G6-Bullet-B/W,/images/banners/dcs-overview-1.png,1,0
UVC-G6-Bullet-B/W,/images/banners/dcs-overview-2.png,2,0
UVC-AI-LPR-B/W,/images/camera.jpg,0,1
UVC-AI-LPR-B/W,/images/banners/dcs-overview-1.png,1,0
UVC-AI-LPR-B/W,/images/banners/dcs-overview-2.png,2,0
UVC-AI-DSLR-B/W,/images/camera.jpg,0,1
UVC-AI-DSLR-B/W,/images/banners/dcs-overview-1.png,1,0
UVC-AI-DSLR-B/W,/images/banners/dcs-overview-2.png,2,0
UVC-AI-Pro-B/W,/images/camera.jpg,0,1
UVC-AI-Pro-B/W,/images/banners/dcs-overview-1.png,1,0
UVC-AI-Pro-B/W,/images/banners/dcs-overview-2.png,2,0
UVC-G5-Pro,/images/camera.jpg,0,1
UVC-G5-Pro,/images/banners/dcs-overview-1.png,1,0
UVC-G5-Pro,/images/banners/dcs-overview-2.png,2,0
UVC-G5-Bullet,/images/camera.jpg,0,1
UVC-G5-Bullet,/images/banners/dcs-overview-1.png,1,0
UVC-G5-Bullet,/images/banners/dcs-overview-2.png,2,0
UVC-G6-INS-W,/images/camera.jpg,0,1
UVC-G6-INS-W,/images/banners/dcs-overview-1.png,1,0
UVC-G6-INS-W,/images/banners/dcs-overview-2.png,2,0
UVC-AI-Theta-Pro-W,/images/camera.jpg,0,1
UVC-AI-Theta-Pro-W,/images/banners/dcs-overview-1.png,1,0
UVC-AI-Theta-Pro-W,/images/banners/dcs-overview-2.png,2,0
UVC-G5-Flex,/images/camera.jpg,0,1
UVC-G5-Flex,/images/banners/dcs-overview-1.png,1,0
UVC-G5-Flex,/images/banners/dcs-overview-2.png,2,0
UVC-G4-INS,/images/camera.jpg,0,1
UVC-G4-INS,/images/banners/dcs-overview-1.png,1,0
UVC-G4-INS,/images/banners/dcs-overview-2.png,2,0
UVC-AI-Theta-Audio,/images/camera.jpg,0,1
UVC-AI-Theta-Audio,/images/banners/dcs-overview-1.png,1,0
UVC-AI-Theta-Audio,/images/banners/dcs-overview-2.png,2,0
UVC-AI-Theta-ProLens50,/images/camera.jpg,0,1
UVC-AI-Theta-ProLens50,/images/banners/dcs-overview-1.png,1,0
UVC-AI-Theta-ProLens50,/images/banners/dcs-overview-2.png,2,0
UVC-G6-PTZ-B/W,/images/camera.jpg,0,1
UVC-G6-PTZ-B/W,/images/banners/dcs-overview-1.png,1,0
UVC-G6-PTZ-B/W,/images/banners/dcs-overview-2.png,2,0
UVC-AI-PTZ-B/W,/images/camera.jpg,0,1
UVC-AI-PTZ-B/W,/images/banners/dcs-overview-1.png,1,0
UVC-AI-PTZ-B/W,/images/banners/dcs-overview-2.png,2,0
UVC-AI-PTZ-Precision-B/W,/images/camera.jpg,0,1
UVC-AI-PTZ-Precision-B/W,/images/banners/dcs-overview-1.png,1,0
UVC-AI-PTZ-Precision-B/W,/images/banners/dcs-overview-2.png,2,0
UVC-G5-PTZ-B/W,/images/camera.jpg,0,1
UVC-G5-PTZ-B/W,/images/banners/dcs-overview-1.png,1,0
UVC-G5-PTZ-B/W,/images/banners/dcs-overview-2.png,2,0
UVC-4-Doorbell-Pro-PoE-Kit-B/W,/images/camera.jpg,0,1
UVC-4-Doorbell-Pro-PoE-Kit-B/W,/images/banners/dcs-overview-1.png,1,0
UVC-4-Doorbell-Pro-PoE-Kit-B/W,/images/banners/dcs-overview-2.png,2,0
UVC-4-Doorbell-Pro-B/W,/images/camera.jpg,0,1
UVC-4-Doorbell-Pro-B/W,/images/banners/dcs-overview-1.png,1,0
UVC-4-Doorbell-Pro-B/W,/images/banners/dcs-overview-2.png,2,0
UVC-Doorbell-B/W,/images/camera.jpg,0,1
UVC-Doorbell-B/W,/images/banners/dcs-overview-1.png,1,0
UVC-Doorbell-B/W,/images/banners/dcs-overview-2.png,2,0
UVC-Chime-PoE,/images/camera.jpg,0,1
UVC-Chime-PoE,/images/banners/dcs-overview-1.png,1,0
UVC-Chime-PoE,/images/banners/dcs-overview-2.png,2,0
UVC-Chime,/images/camera.jpg,0,1
UVC-Chime,/images/banners/dcs-overview-1.png,1,0
UVC-Chime,/images/banners/dcs-overview-2.png,2,0
USL-Gateway,/images/camera.jpg,0,1
USL-Gateway,/images/banners/dcs-overview-1.png,1,0
USL-Gateway,/images/banners/dcs-overview-2.png,2,0
USL-Entry,/images/products/Product-Entry-Sensor.png,0,1
USL-Entry,/images/banners/dcs-overview-1.png,1,0
USL-Entry,/images/banners/dcs-overview-2.png,2,0
USL-Motion,/images/camera.jpg,0,1
USL-Motion,/images/banners/dcs-overview-1.png,1,0
USL-Motion,/images/banners/dcs-overview-2.png,2,0
USL-Siren,/images/camera.jpg,0,1
USL-Siren,/images/banners/dcs-overview-1.png,1,0
USL-Siren,/images/banners/dcs-overview-2.png,2,0
USL-Siren-PoE,/images/camera.jpg,0,1
USL-Siren-PoE,/images/banners/dcs-overview-1.png,1,0
USL-Siren-PoE,/images/banners/dcs-overview-2.png,2,0
USL-Environmental,/images/camera.jpg,0,1
USL-Environmental,/images/banners/dcs-overview-1.png,1,0
USL-Environmental,/images/banners/dcs-overview-2.png,2,0
UP-Sense,/images/camera.jpg,0,1
UP-Sense,/images/banners/dcs-overview-1.png,1,0
UP-Sense,/images/banners/dcs-overview-2.png,2,0
USL-GlassBreak,/images/camera.jpg,0,1
USL-GlassBreak,/images/banners/dcs-overview-1.png,1,0
USL-GlassBreak,/images/banners/dcs-overview-2.png,2,0
UACC-USL-ANT-HG,/images/camera.jpg,0,1
UACC-USL-ANT-HG,/images/banners/dcs-overview-1.png,1,0
UACC-USL-ANT-HG,/images/banners/dcs-overview-2.png,2,0
UP-AI-Horn-Speaker-B/W,/images/camera.jpg,0,1
UP-AI-Horn-Speaker-B/W,/images/banners/dcs-overview-1.png,1,0
UP-AI-Horn-Speaker-B/W,/images/banners/dcs-overview-2.png,2,0
UP-FloodLight,/images/camera.jpg,0,1
UP-FloodLight,/images/banners/dcs-overview-1.png,1,0
UP-FloodLight,/images/banners/dcs-overview-2.png,2,0
UACC-Adapter-PoE-USBC,/images/camera.jpg,0,1
UACC-Adapter-PoE-USBC,/images/banners/dcs-overview-1.png,1,0
UACC-Adapter-PoE-USBC,/images/banners/dcs-overview-2.png,2,0
UACC-Camera-CJB-B/W,/images/camera.jpg,0,1
UACC-Camera-CJB-B/W,/images/banners/dcs-overview-1.png,1,0
UACC-Camera-CJB-B/W,/images/banners/dcs-overview-2.png,2,0
UACC-Camera-CJB-B/W,/images/camera.jpg,0,1
UACC-Camera-CJB-B/W,/images/banners/dcs-overview-1.png,1,0
UACC-Camera-CJB-B/W,/images/banners/dcs-overview-2.png,2,0
UACC-Camera-JB-B/W,/images/camera.jpg,0,1
UACC-Camera-JB-B/W,/images/banners/dcs-overview-1.png,1,0
UACC-Camera-JB-B/W,/images/banners/dcs-overview-2.png,2,0
UACC-AI-JB-B/W,/images/camera.jpg,0,1
UACC-AI-JB-B/W,/images/banners/dcs-overview-1.png,1,0
UACC-AI-JB-B/W,/images/banners/dcs-overview-2.png,2,0
UACC-G4-Dome-Arm-Mount,/images/camera.jpg,0,1
UACC-G4-Dome-Arm-Mount,/images/banners/dcs-overview-1.png,1,0
UACC-G4-Dome-Arm-Mount,/images/banners/dcs-overview-2.png,2,0
UACC-Camera-AM-B,/images/camera.jpg,0,1
UACC-Camera-AM-B,/images/banners/dcs-overview-1.png,1,0
UACC-Camera-AM-B,/images/banners/dcs-overview-2.png,2,0
UACC-Bullet-AB-B,/images/camera.jpg,0,1
UACC-Bullet-AB-B,/images/banners/dcs-overview-1.png,1,0
UACC-Bullet-AB-B,/images/banners/dcs-overview-2.png,2,0
UACC-Pro-Bullet-Enhancer-B/W,/images/camera.jpg,0,1
UACC-Pro-Bullet-Enhancer-B/W,/images/banners/dcs-overview-1.png,1,0
UACC-Pro-Bullet-Enhancer-B/W,/images/banners/dcs-overview-2.png,2,0
UACC-AI-Pro-Enhancer-B/W,/images/camera.jpg,0,1
UACC-AI-Pro-Enhancer-B/W,/images/banners/dcs-overview-1.png,1,0
UACC-AI-Pro-Enhancer-B/W,/images/banners/dcs-overview-2.png,2,0
UACC-G5-Enhancer,/images/camera.jpg,0,1
UACC-G5-Enhancer,/images/banners/dcs-overview-1.png,1,0
UACC-G5-Enhancer,/images/banners/dcs-overview-2.png,2,0
UVC-G4-IRExtender,/images/camera.jpg,0,1
UVC-G4-IRExtender,/images/banners/dcs-overview-1.png,1,0
UVC-G4-IRExtender,/images/banners/dcs-overview-2.png,2,0
UACC-Camera-DM-B/W,/images/camera.jpg,0,1
UACC-Camera-DM-B/W,/images/banners/dcs-overview-1.png,1,0
UACC-Camera-DM-B/W,/images/banners/dcs-overview-2.png,2,0
UACC-GB-Plate-B/W,/images/camera.jpg,0,1
UACC-GB-Plate-B/W,/images/banners/dcs-overview-1.png,1,0
UACC-GB-Plate-B/W,/images/banners/dcs-overview-2.png,2,0
UACC-Dome-FM-B/W,/images/camera.jpg,0,1
UACC-Dome-FM-B/W,/images/banners/dcs-overview-1.png,1,0
UACC-Dome-FM-B/W,/images/banners/dcs-overview-2.png,2,0
UACC-G6-Pro-360-FM-B/W,/images/camera.jpg,0,1
UACC-G6-Pro-360-FM-B/W,/images/banners/dcs-overview-1.png,1,0
UACC-G6-Pro-360-FM-B/W,/images/banners/dcs-overview-2.png,2,0
UACC-G6-Dome-FM-B/W,/images/camera.jpg,0,1
UACC-G6-Dome-FM-B/W,/images/banners/dcs-overview-1.png,1,0
UACC-G6-Dome-FM-B/W,/images/banners/dcs-overview-2.png,2,0
UACC-G6-Dome-FMS-B/W,/images/camera.jpg,0,1
UACC-G6-Dome-FMS-B/W,/images/banners/dcs-overview-1.png,1,0
UACC-G6-Dome-FMS-B/W,/images/banners/dcs-overview-2.png,2,0
UACC-G5-Dome-Ultra-FM-B/W,/images/camera.jpg,0,1
UACC-G5-Dome-Ultra-FM-B/W,/images/banners/dcs-overview-1.png,1,0
UACC-G5-Dome-Ultra-FM-B/W,/images/banners/dcs-overview-2.png,2,0
UACC-G5-Dome-Ultra-FM-SB-B/W,/images/camera.jpg,0,1
UACC-G5-Dome-Ultra-FM-SB-B/W,/images/banners/dcs-overview-1.png,1,0
UACC-G5-Dome-Ultra-FM-SB-B/W,/images/banners/dcs-overview-2.png,2,0
UACC-G6-Dome-WS-B/W,/images/camera.jpg,0,1
UACC-G6-Dome-WS-B/W,/images/banners/dcs-overview-1.png,1,0
UACC-G6-Dome-WS-B/W,/images/banners/dcs-overview-2.png,2,0
UACC-Dome-WS-B/W,/images/camera.jpg,0,1
UACC-Dome-WS-B/W,/images/banners/dcs-overview-1.png,1,0
UACC-Dome-WS-B/W,/images/banners/dcs-overview-2.png,2,0
UACC-G6-180-FM-B/W,/images/camera.jpg,0,1
UACC-G6-180-FM-B/W,/images/banners/dcs-overview-1.png,1,0
UACC-G6-180-FM-B/W,/images/banners/dcs-overview-2.png,2,0
UACC-G6-180-PM-B/W,/images/camera.jpg,0,1
UACC-G6-180-PM-B/W,/images/banners/dcs-overview-1.png,1,0
UACC-G6-180-PM-B/W,/images/banners/dcs-overview-2.png,2,0
UACC-G5-PTZ-CM-B/W,/images/camera.jpg,0,1
UACC-G5-PTZ-CM-B/W,/images/banners/dcs-overview-1.png,1,0
UACC-G5-PTZ-CM-B/W,/images/banners/dcs-overview-2.png,2,0
UACC-G5-PTZ-PM-B/W,/images/camera.jpg,0,1
UACC-G5-PTZ-PM-B/W,/images/banners/dcs-overview-1.png,1,0
UACC-G5-PTZ-PM-B/W,/images/banners/dcs-overview-2.png,2,0
UACC-G5-PTZ-SM-B/W,/images/camera.jpg,0,1
UACC-G5-PTZ-SM-B/W,/images/banners/dcs-overview-1.png,1,0
UACC-G5-PTZ-SM-B/W,/images/banners/dcs-overview-2.png,2,0
UACC-G5-PTZ-ICM-SB-B/W,/images/camera.jpg,0,1
UACC-G5-PTZ-ICM-SB-B/W,/images/banners/dcs-overview-1.png,1,0
UACC-G5-PTZ-ICM-SB-B/W,/images/banners/dcs-overview-2.png,2,0
UACC-G6-PTZ-ICM-B/W,/images/camera.jpg,0,1
UACC-G6-PTZ-ICM-B/W,/images/banners/dcs-overview-1.png,1,0
UACC-G6-PTZ-ICM-B/W,/images/banners/dcs-overview-2.png,2,0
UACC-G5-PTZ-CA-B/W,/images/camera.jpg,0,1
UACC-G5-PTZ-CA-B/W,/images/banners/dcs-overview-1.png,1,0
UACC-G5-PTZ-CA-B/W,/images/banners/dcs-overview-2.png,2,0
UACC-Flex-Cam-PWM-B/W,/images/camera.jpg,0,1
UACC-Flex-Cam-PWM-B/W,/images/banners/dcs-overview-1.png,1,0
UACC-Flex-Cam-PWM-B/W,/images/banners/dcs-overview-2.png,2,0
UACC-G4 Doorbell Pro PoE-Gang Box-White-B/W,/images/camera.jpg,0,1
UACC-G4 Doorbell Pro PoE-Gang Box-White-B/W,/images/banners/dcs-overview-1.png,1,0
UACC-G4 Doorbell Pro PoE-Gang Box-White-B/W,/images/banners/dcs-overview-2.png,2,0
UACC-G4-DBP-Cable-USB-7M,/images/camera.jpg,0,1
UACC-G4-DBP-Cable-USB-7M,/images/banners/dcs-overview-1.png,1,0
UACC-G4-DBP-Cable-USB-7M,/images/banners/dcs-overview-2.png,2,0
UACC-G4-INS-Cable-USB-4.5M,/images/camera.jpg,0,1
UACC-G4-INS-Cable-USB-4.5M,/images/banners/dcs-overview-1.png,1,0
UACC-G4-INS-Cable-USB-4.5M,/images/banners/dcs-overview-2.png,2,0
UACC-G4-INS-Cover-DG/G/LG,/images/camera.jpg,0,1
UACC-G4-INS-Cover-DG/G/LG,/images/banners/dcs-overview-1.png,1,0
UACC-G4-INS-Cover-DG/G/LG,/images/banners/dcs-overview-2.png,2,0
UACC-AI-Theta-Audio-Cable-1M,/images/camera.jpg,0,1
UACC-AI-Theta-Audio-Cable-1M,/images/banners/dcs-overview-1.png,1,0
UACC-AI-Theta-Audio-Cable-1M,/images/banners/dcs-overview-2.png,2,0
UACC-AI-Theta-Audio-Cable-Ext-10M,/images/camera.jpg,0,1
UACC-AI-Theta-Audio-Cable-Ext-10M,/images/banners/dcs-overview-1.png,1,0
UACC-AI-Theta-Audio-Cable-Ext-10M,/images/banners/dcs-overview-2.png,2,0
efg,/images/products/Product-Enterprise-Fortress-Gateway.png,0,1
efg,/images/banners/dcs-overview-1.png,1,0
efg,/images/banners/dcs-overview-2.png,2,0
udm-pro-max,/images/products/Product-Dream-Machine-Pro-Max.png,0,1
udm-pro-max,/images/banners/dcs-overview-1.png,1,0
udm-pro-max,/images/banners/dcs-overview-2.png,2,0
udm-pro,/images/products/Product-Dream-Machine-Pro.png,0,1
udm-pro,/images/banners/dcs-overview-1.png,1,0
udm-pro,/images/banners/dcs-overview-2.png,2,0
udm-se,/images/products/Product-Enterprise-Fortress-Gateway.png,0,1
udm-se,/images/banners/dcs-overview-1.png,1,0
udm-se,/images/banners/dcs-overview-2.png,2,0
ucg-fiber,/images/products/Product-UCG-Fiber.png,0,1
ucg-fiber,/images/banners/dcs-overview-1.png,1,0
ucg-fiber,/images/banners/dcs-overview-2.png,2,0
ucg-max,/images/products/Product-UCG-Max.png,0,1
ucg-max,/images/banners/dcs-overview-1.png,1,0
ucg-max,/images/banners/dcs-overview-2.png,2,0
ucg-ultra,/images/products/Product-UCG-Ultra.png,0,1
ucg-ultra,/images/banners/dcs-overview-1.png,1,0
ucg-ultra,/images/banners/dcs-overview-2.png,2,0
udr-7,/images/products/Product-UDR-7.png,0,1
udr-7,/images/banners/dcs-overview-1.png,1,0
udr-7,/images/banners/dcs-overview-2.png,2,0
ux-7,/images/products/Product-UniFi-Express-7.png,0,1
ux-7,/images/banners/dcs-overview-1.png,1,0
ux-7,/images/banners/dcs-overview-2.png,2,0
udr-5g-max,/images/products/Product-UDR-5G-Max.png,0,1
udr-5g-max,/images/banners/dcs-overview-1.png,1,0
udr-5g-max,/images/banners/dcs-overview-2.png,2,0
UDW,/images/products/Product-UDW.png,0,1
UDW,/images/banners/dcs-overview-1.png,1,0
UDW,/images/banners/dcs-overview-2.png,2,0
UVC-G6-Pro-Entry,/images/camera.jpg,0,1
UVC-G6-Pro-Entry,/images/banners/dcs-overview-1.png,1,0
UVC-G6-Pro-Entry,/images/banners/dcs-overview-2.png,2,0
UVC-G6-Entry,/images/products/Product-G6-Entry.png,0,1
UVC-G6-Entry,/images/banners/dcs-overview-1.png,1,0
UVC-G6-Entry,/images/banners/dcs-overview-2.png,2,0
UA-G3-Pro-B/W,/images/camera.jpg,0,1
UA-G3-Pro-B/W,/images/banners/dcs-overview-1.png,1,0
UA-G3-Pro-B/W,/images/banners/dcs-overview-2.png,2,0
UA-G2-Pro-B/W,/images/camera.jpg,0,1
UA-G2-Pro-B/W,/images/banners/dcs-overview-1.png,1,0
UA-G2-Pro-B/W,/images/banners/dcs-overview-2.png,2,0
UA-G3-Flex-B/W,/images/camera.jpg,0,1
UA-G3-Flex-B/W,/images/banners/dcs-overview-1.png,1,0
UA-G3-Flex-B/W,/images/banners/dcs-overview-2.png,2,0
UA-G3-B/W,/images/camera.jpg,0,1
UA-G3-B/W,/images/banners/dcs-overview-1.png,1,0
UA-G3-B/W,/images/banners/dcs-overview-2.png,2,0
UA-G2-B/W,/images/camera.jpg,0,1
UA-G2-B/W,/images/banners/dcs-overview-1.png,1,0
UA-G2-B/W,/images/banners/dcs-overview-2.png,2,0
UA-Retrofit-Reader-B/W,/images/camera.jpg,0,1
UA-Retrofit-Reader-B/W,/images/banners/dcs-overview-1.png,1,0
UA-Retrofit-Reader-B/W,/images/banners/dcs-overview-2.png,2,0
UA-G3-Intercom,/images/camera.jpg,0,1
UA-G3-Intercom,/images/banners/dcs-overview-1.png,1,0
UA-G3-Intercom,/images/banners/dcs-overview-2.png,2,0
UA-G2-Intercom,/images/camera.jpg,0,1
UA-G2-Intercom,/images/banners/dcs-overview-1.png,1,0
UA-G2-Intercom,/images/banners/dcs-overview-2.png,2,0
UA-Ultra,/images/camera.jpg,0,1
UA-Ultra,/images/banners/dcs-overview-1.png,1,0
UA-Ultra,/images/banners/dcs-overview-2.png,2,0
UA-G3-Intercom,/images/camera.jpg,0,1
UA-G3-Intercom,/images/banners/dcs-overview-1.png,1,0
UA-G3-Intercom,/images/banners/dcs-overview-2.png,2,0
UA-G2-Intercom,/images/camera.jpg,0,1
UA-G2-Intercom,/images/banners/dcs-overview-1.png,1,0
UA-G2-Intercom,/images/banners/dcs-overview-2.png,2,0
UA-G2-Intercom,/images/camera.jpg,0,1
UA-G2-Intercom,/images/banners/dcs-overview-1.png,1,0
UA-G2-Intercom,/images/banners/dcs-overview-2.png,2,0
UVC-G6-Pro-Entry,/images/camera.jpg,0,1
UVC-G6-Pro-Entry,/images/banners/dcs-overview-1.png,1,0
UVC-G6-Pro-Entry,/images/banners/dcs-overview-2.png,2,0
UVC-G6-Entry,/images/camera.jpg,0,1
UVC-G6-Entry,/images/banners/dcs-overview-1.png,1,0
UVC-G6-Entry,/images/banners/dcs-overview-2.png,2,0
EAH-8,/images/camera.jpg,0,1
EAH-8,/images/banners/dcs-overview-1.png,1,0
EAH-8,/images/banners/dcs-overview-2.png,2,0
UA-Retrofit-Hub-2,/images/camera.jpg,0,1
UA-Retrofit-Hub-2,/images/banners/dcs-overview-1.png,1,0
UA-Retrofit-Hub-2,/images/banners/dcs-overview-2.png,2,0
UA-Hub-Door,/images/camera.jpg,0,1
UA-Hub-Door,/images/banners/dcs-overview-1.png,1,0
UA-Hub-Door,/images/banners/dcs-overview-2.png,2,0
UA-Hub-Door-Mini,/images/camera.jpg,0,1
UA-Hub-Door-Mini,/images/banners/dcs-overview-1.png,1,0
UA-Hub-Door-Mini,/images/banners/dcs-overview-2.png,2,0
UA-Hub-Gate,/images/camera.jpg,0,1
UA-Hub-Gate,/images/banners/dcs-overview-1.png,1,0
UA-Hub-Gate,/images/banners/dcs-overview-2.png,2,0
UA-Ultra,/images/camera.jpg,0,1
UA-Ultra,/images/banners/dcs-overview-1.png,1,0
UA-Ultra,/images/banners/dcs-overview-2.png,2,0
UA-G3-SK-Pro,/images/camera.jpg,0,1
UA-G3-SK-Pro,/images/banners/dcs-overview-1.png,1,0
UA-G3-SK-Pro,/images/banners/dcs-overview-2.png,2,0
UA-G2-SK-Pro,/images/camera.jpg,0,1
UA-G2-SK-Pro,/images/banners/dcs-overview-1.png,1,0
UA-G2-SK-Pro,/images/banners/dcs-overview-2.png,2,0
UA-G3-SK,/images/camera.jpg,0,1
UA-G3-SK,/images/banners/dcs-overview-1.png,1,0
UA-G3-SK,/images/banners/dcs-overview-2.png,2,0
UA-G2-SK,/images/camera.jpg,0,1
UA-G2-SK,/images/banners/dcs-overview-1.png,1,0
UA-G2-SK,/images/banners/dcs-overview-2.png,2,0
UA-G3-SK-Gate,/images/camera.jpg,0,1
UA-G3-SK-Gate,/images/banners/dcs-overview-1.png,1,0
UA-G3-SK-Gate,/images/banners/dcs-overview-2.png,2,0
UA-G2-SK-Gate,/images/camera.jpg,0,1
UA-G2-SK-Gate,/images/banners/dcs-overview-1.png,1,0
UA-G2-SK-Gate,/images/banners/dcs-overview-2.png,2,0
UA-SK-Elevator,/images/camera.jpg,0,1
UA-SK-Elevator,/images/banners/dcs-overview-1.png,1,0
UA-SK-Elevator,/images/banners/dcs-overview-2.png,2,0
UA-G3-Intercom,/images/camera.jpg,0,1
UA-G3-Intercom,/images/banners/dcs-overview-1.png,1,0
UA-G3-Intercom,/images/banners/dcs-overview-2.png,2,0
UA-G2-Intercom,/images/camera.jpg,0,1
UA-G2-Intercom,/images/banners/dcs-overview-1.png,1,0
UA-G2-Intercom,/images/banners/dcs-overview-2.png,2,0
UA-Intercom-Viewer,/images/camera.jpg,0,1
UA-Intercom-Viewer,/images/banners/dcs-overview-1.png,1,0
UA-Intercom-Viewer,/images/banners/dcs-overview-2.png,2,0
ENVR,/images/camera.jpg,0,1
ENVR,/images/banners/dcs-overview-1.png,1,0
ENVR,/images/banners/dcs-overview-2.png,2,0
UNVR-pro,/images/camera.jpg,0,1
UNVR-pro,/images/banners/dcs-overview-1.png,1,0
UNVR-pro,/images/banners/dcs-overview-2.png,2,0
UNVR,/images/camera.jpg,0,1
UNVR,/images/banners/dcs-overview-1.png,1,0
UNVR,/images/banners/dcs-overview-2.png,2,0
UNVR-Instant,/images/camera.jpg,0,1
UNVR-Instant,/images/banners/dcs-overview-1.png,1,0
UNVR-Instant,/images/banners/dcs-overview-2.png,2,0
UNVR-Instant-Kit,/images/camera.jpg,0,1
UNVR-Instant-Kit,/images/banners/dcs-overview-1.png,1,0
UNVR-Instant-Kit,/images/banners/dcs-overview-2.png,2,0
UA-Card-10-B/W,/images/camera.jpg,0,1
UA-Card-10-B/W,/images/banners/dcs-overview-1.png,1,0
UA-Card-10-B/W,/images/banners/dcs-overview-2.png,2,0
UACC-Retrofit-PoE-2Wire,/images/camera.jpg,0,1
UACC-Retrofit-PoE-2Wire,/images/banners/dcs-overview-1.png,1,0
UACC-Retrofit-PoE-2Wire,/images/banners/dcs-overview-2.png,2,0
UACC-Reader-JB-B/W,/images/camera.jpg,0,1
UACC-Reader-JB-B/W,/images/banners/dcs-overview-1.png,1,0
UACC-Reader-JB-B/W,/images/banners/dcs-overview-2.png,2,0
UACC-Reader-Pro-JB-B/W,/images/camera.jpg,0,1
UACC-Reader-Pro-JB-B/W,/images/banners/dcs-overview-1.png,1,0
UACC-Reader-Pro-JB-B/W,/images/banners/dcs-overview-2.png,2,0
UACC-Reader-Pro-AM-B/W,/images/camera.jpg,0,1
UACC-Reader-Pro-AM-B/W,/images/banners/dcs-overview-1.png,1,0
UACC-Reader-Pro-AM-B/W,/images/banners/dcs-overview-2.png,2,0
UACC-Intercom-SAM,/images/camera.jpg,0,1
UACC-Intercom-SAM,/images/banners/dcs-overview-1.png,1,0
UACC-Intercom-SAM,/images/banners/dcs-overview-2.png,2,0
UACC-Intercom-FM,/images/camera.jpg,0,1
UACC-Intercom-FM,/images/banners/dcs-overview-1.png,1,0
UACC-Intercom-FM,/images/banners/dcs-overview-2.png,2,0
UACC-Intercom-Sunshield,/images/camera.jpg,0,1
UACC-Intercom-Sunshield,/images/banners/dcs-overview-1.png,1,0
UACC-Intercom-Sunshield,/images/banners/dcs-overview-2.png,2,0
UACC-Intercom-WM,/images/camera.jpg,0,1
UACC-Intercom-WM,/images/banners/dcs-overview-1.png,1,0
UACC-Intercom-WM,/images/banners/dcs-overview-2.png,2,0
UACC-Intercom-Viewer-TS,/images/camera.jpg,0,1
UACC-Intercom-Viewer-TS,/images/banners/dcs-overview-1.png,1,0
UACC-Intercom-Viewer-TS,/images/banners/dcs-overview-2.png,2,0
UACC-Junction-Utility,/images/camera.jpg,0,1
UACC-Junction-Utility,/images/banners/dcs-overview-1.png,1,0
UACC-Junction-Utility,/images/banners/dcs-overview-2.png,2,0
UACC-Retrofit-PSU-12V,/images/camera.jpg,0,1
UACC-Retrofit-PSU-12V,/images/banners/dcs-overview-1.png,1,0
UACC-Retrofit-PSU-12V,/images/banners/dcs-overview-2.png,2,0
UA-Button,/images/camera.jpg,0,1
UA-Button,/images/banners/dcs-overview-1.png,1,0
UA-Button,/images/banners/dcs-overview-2.png,2,0
UACC-DoorCloser,/images/camera.jpg,0,1
UACC-DoorCloser,/images/banners/dcs-overview-1.png,1,0
UACC-DoorCloser,/images/banners/dcs-overview-2.png,2,0
UACC-PanicBar,/images/camera.jpg,0,1
UACC-PanicBar,/images/banners/dcs-overview-1.png,1,0
UACC-PanicBar,/images/banners/dcs-overview-2.png,2,0
UA-Lock-Magnetic-270kg,/images/camera.jpg,0,1
UA-Lock-Magnetic-270kg,/images/banners/dcs-overview-1.png,1,0
UA-Lock-Magnetic-270kg,/images/banners/dcs-overview-2.png,2,0
UACC-Lock-Strike-Secure-15mm,/images/camera.jpg,0,1
UACC-Lock-Strike-Secure-15mm,/images/banners/dcs-overview-1.png,1,0
UACC-Lock-Strike-Secure-15mm,/images/banners/dcs-overview-2.png,2,0
UACC-Lock-Strike-Safe-15mm,/images/camera.jpg,0,1
UACC-Lock-Strike-Safe-15mm,/images/banners/dcs-overview-1.png,1,0
UACC-Lock-Strike-Safe-15mm,/images/banners/dcs-overview-2.png,2,0
UACC-Cable-DoorLockRelay-1P,/images/camera.jpg,0,1
UACC-Cable-DoorLockRelay-1P,/images/banners/dcs-overview-1.png,1,0
UACC-Cable-DoorLockRelay-1P,/images/banners/dcs-overview-2.png,2,0
UACC-Cable-DoorLockRelay-2P,/images/camera.jpg,0,1
UACC-Cable-DoorLockRelay-2P,/images/banners/dcs-overview-1.png,1,0
UACC-Cable-DoorLockRelay-2P,/images/banners/dcs-overview-2.png,2,0
UA-Pocket,/images/camera.jpg,0,1
UA-Pocket,/images/banners/dcs-overview-1.png,1,0
UA-Pocket,/images/banners/dcs-overview-2.png,2,0
UA-Rescue,/images/camera.jpg,0,1
UA-Rescue,/images/banners/dcs-overview-1.png,1,0
UA-Rescue,/images/banners/dcs-overview-2.png,2,0
UNAS-Pro-8,/images/camera.jpg,0,1
UNAS-Pro-8,/images/banners/dcs-overview-1.png,1,0
UNAS-Pro-8,/images/banners/dcs-overview-2.png,2,0
UNAS-Pro-4,/images/camera.jpg,0,1
UNAS-Pro-4,/images/banners/dcs-overview-1.png,1,0
UNAS-Pro-4,/images/banners/dcs-overview-2.png,2,0
UNAS-Pro,/images/camera.jpg,0,1
UNAS-Pro,/images/banners/dcs-overview-1.png,1,0
UNAS-Pro,/images/banners/dcs-overview-2.png,2,0
UNAS-2-B/W,/images/camera.jpg,0,1
UNAS-2-B/W,/images/banners/dcs-overview-1.png,1,0
UNAS-2-B/W,/images/banners/dcs-overview-2.png,2,0
UNAS-4-B/W,/images/camera.jpg,0,1
UNAS-4-B/W,/images/banners/dcs-overview-1.png,1,0
UNAS-4-B/W,/images/banners/dcs-overview-2.png,2,0
UPS-2U,/images/camera.jpg,0,1
UPS-2U,/images/banners/dcs-overview-1.png,1,0
UPS-2U,/images/banners/dcs-overview-2.png,2,0
UPS-Tower,/images/products/Product-UniFi-UPS-Tower.png,0,1
UPS-Tower,/images/banners/dcs-overview-1.png,1,0
UPS-Tower,/images/banners/dcs-overview-2.png,2,0
USW-Mission-Critical(120W),/images/camera.jpg,0,1
USW-Mission-Critical(120W),/images/banners/dcs-overview-1.png,1,0
USW-Mission-Critical(120W),/images/banners/dcs-overview-2.png,2,0
USP-RPS,/images/camera.jpg,0,1
USP-RPS,/images/banners/dcs-overview-1.png,1,0
USP-RPS,/images/banners/dcs-overview-2.png,2,0
USP-PDU-Pro,/images/camera.jpg,0,1
USP-PDU-Pro,/images/banners/dcs-overview-1.png,1,0
USP-PDU-Pro,/images/banners/dcs-overview-2.png,2,0
USP-PDU-HD,/images/camera.jpg,0,1
USP-PDU-HD,/images/banners/dcs-overview-1.png,1,0
USP-PDU-HD,/images/banners/dcs-overview-2.png,2,0
U5G-Max,/images/camera.jpg,0,1
U5G-Max,/images/banners/dcs-overview-1.png,1,0
U5G-Max,/images/banners/dcs-overview-2.png,2,0
U5G-Max-Outdoor,/images/products/Product-UniFi-5G-Max-Outdoor.png,0,1
U5G-Max-Outdoor,/images/banners/dcs-overview-1.png,1,0
U5G-Max-Outdoor,/images/banners/dcs-overview-2.png,2,0
UMR-Industrial,/images/camera.jpg,0,1
UMR-Industrial,/images/banners/dcs-overview-1.png,1,0
UMR-Industrial,/images/banners/dcs-overview-2.png,2,0
UMR-Ultra,/images/camera.jpg,0,1
UMR-Ultra,/images/banners/dcs-overview-1.png,1,0
UMR-Ultra,/images/banners/dcs-overview-2.png,2,0
UMR,/images/camera.jpg,0,1
UMR,/images/banners/dcs-overview-1.png,1,0
UMR,/images/banners/dcs-overview-2.png,2,0
U-LTE,/images/camera.jpg,0,1
U-LTE,/images/banners/dcs-overview-1.png,1,0
U-LTE,/images/banners/dcs-overview-2.png,2,0
U-LTE-Backup Pro,/images/camera.jpg,0,1
U-LTE-Backup Pro,/images/banners/dcs-overview-1.png,1,0
U-LTE-Backup Pro,/images/banners/dcs-overview-2.png,2,0
UTP-G3-Touch-Enterprise,/images/camera.jpg,0,1
UTP-G3-Touch-Enterprise,/images/banners/dcs-overview-1.png,1,0
UTP-G3-Touch-Enterprise,/images/banners/dcs-overview-2.png,2,0
UTP-G3-Touch-Pro,/images/camera.jpg,0,1
UTP-G3-Touch-Pro,/images/banners/dcs-overview-1.png,1,0
UTP-G3-Touch-Pro,/images/banners/dcs-overview-2.png,2,0
UTP-G3-Touch-Wall,/images/camera.jpg,0,1
UTP-G3-Touch-Wall,/images/banners/dcs-overview-1.png,1,0
UTP-G3-Touch-Wall,/images/banners/dcs-overview-2.png,2,0
UTP-TouchMax-B/W,/images/products/Product-G2-Touch-Max.png,0,1
UTP-TouchMax-B/W,/images/banners/dcs-overview-1.png,1,0
UTP-TouchMax-B/W,/images/banners/dcs-overview-2.png,2,0
UTP-Touch-B/W,/images/camera.jpg,0,1
UTP-Touch-B/W,/images/banners/dcs-overview-1.png,1,0
UTP-Touch-B/W,/images/banners/dcs-overview-2.png,2,0
UT-G3-Handset,/images/camera.jpg,0,1
UT-G3-Handset,/images/banners/dcs-overview-1.png,1,0
UT-G3-Handset,/images/banners/dcs-overview-2.png,2,0
UT-ATA,/images/camera.jpg,0,1
UT-ATA,/images/banners/dcs-overview-1.png,1,0
UT-ATA,/images/banners/dcs-overview-2.png,2,0
UC-EV-Station-Pro,/images/camera.jpg,0,1
UC-EV-Station-Pro,/images/banners/dcs-overview-1.png,1,0
UC-EV-Station-Pro,/images/banners/dcs-overview-2.png,2,0
UC-EV-Station-Lite,/images/products/Product-EV-Station-Lite.png,0,1
UC-EV-Station-Lite,/images/banners/dcs-overview-1.png,1,0
UC-EV-Station-Lite,/images/banners/dcs-overview-2.png,2,0
UPL-Amp-B/W,/images/camera.jpg,0,1
UPL-Amp-B/W,/images/banners/dcs-overview-1.png,1,0
UPL-Amp-B/W,/images/banners/dcs-overview-2.png,2,0
UPL-Port-B/W,/images/camera.jpg,0,1
UPL-Port-B/W,/images/banners/dcs-overview-1.png,1,0
UPL-Port-B/W,/images/banners/dcs-overview-2.png,2,0
UC-Cast-Pro,/images/camera.jpg,0,1
UC-Cast-Pro,/images/banners/dcs-overview-1.png,1,0
UC-Cast-Pro,/images/banners/dcs-overview-2.png,2,0
UC-Cast-Lite,/images/camera.jpg,0,1
UC-Cast-Lite,/images/banners/dcs-overview-1.png,1,0
UC-Cast-Lite,/images/banners/dcs-overview-2.png,2,0
ECS-Aggregation,/images/switch.jpg,0,1
ECS-Aggregation,/images/banners/dcs-overview-1.png,1,0
ECS-Aggregation,/images/banners/dcs-overview-2.png,2,0
USW-Pro-XG-Aggregation,/images/products/Product-Pro-XG-Aggregation.png,0,1
USW-Pro-XG-Aggregation,/images/banners/dcs-overview-1.png,1,0
USW-Pro-XG-Aggregation,/images/banners/dcs-overview-2.png,2,0
USW-Pro-Aggregation,/images/switch.jpg,0,1
USW-Pro-Aggregation,/images/banners/dcs-overview-1.png,1,0
USW-Pro-Aggregation,/images/banners/dcs-overview-2.png,2,0
USW-Aggregation,/images/switch.jpg,0,1
USW-Aggregation,/images/banners/dcs-overview-1.png,1,0
USW-Aggregation,/images/banners/dcs-overview-2.png,2,0
ECS-48-PoE(2150W),/images/switch.jpg,0,1
ECS-48-PoE(2150W),/images/banners/dcs-overview-1.png,1,0
ECS-48-PoE(2150W),/images/banners/dcs-overview-2.png,2,0
ECS-24-PoE(1050W),/images/products/Product-Enterprise-Campus-24-PoE.png,0,1
ECS-24-PoE(1050W),/images/banners/dcs-overview-1.png,1,0
ECS-24-PoE(1050W),/images/banners/dcs-overview-2.png,2,0
ECS-48S-PoE(2150W),/images/switch.jpg,0,1
ECS-48S-PoE(2150W),/images/banners/dcs-overview-1.png,1,0
ECS-48S-PoE(2150W),/images/banners/dcs-overview-2.png,2,0
ECS-24S-PoE(1050W),/images/switch.jpg,0,1
ECS-24S-PoE(1050W),/images/banners/dcs-overview-1.png,1,0
ECS-24S-PoE(1050W),/images/banners/dcs-overview-2.png,2,0
ECS-Aggregation,/images/switch.jpg,0,1
ECS-Aggregation,/images/banners/dcs-overview-1.png,1,0
ECS-Aggregation,/images/banners/dcs-overview-2.png,2,0
USW-Pro-Max-48-PoE(720W),/images/switch.jpg,0,1
USW-Pro-Max-48-PoE(720W),/images/banners/dcs-overview-1.png,1,0
USW-Pro-Max-48-PoE(720W),/images/banners/dcs-overview-2.png,2,0
USW-Pro-Max-24-PoE(400W),/images/products/Product-Pro-Max-24-PoE.png,0,1
USW-Pro-Max-24-PoE(400W),/images/banners/dcs-overview-1.png,1,0
USW-Pro-Max-24-PoE(400W),/images/banners/dcs-overview-2.png,2,0
USW-Pro-XG-48-PoE(1080),/images/switch.jpg,0,1
USW-Pro-XG-48-PoE(1080),/images/banners/dcs-overview-1.png,1,0
USW-Pro-XG-48-PoE(1080),/images/banners/dcs-overview-2.png,2,0
USW-Pro-XG-24-PoE(720W),/images/switch.jpg,0,1
USW-Pro-XG-24-PoE(720W),/images/banners/dcs-overview-1.png,1,0
USW-Pro-XG-24-PoE(720W),/images/banners/dcs-overview-2.png,2,0
USW-Pro-HD-24-PoE(600W),/images/switch.jpg,0,1
USW-Pro-HD-24-PoE(600W),/images/banners/dcs-overview-1.png,1,0
USW-Pro-HD-24-PoE(600W),/images/banners/dcs-overview-2.png,2,0
USW-Pro-XG-48,/images/switch.jpg,0,1
USW-Pro-XG-48,/images/banners/dcs-overview-1.png,1,0
USW-Pro-XG-48,/images/banners/dcs-overview-2.png,2,0
USW-Pro-XG-24,/images/switch.jpg,0,1
USW-Pro-XG-24,/images/banners/dcs-overview-1.png,1,0
USW-Pro-XG-24,/images/banners/dcs-overview-2.png,2,0
USW-Pro-XG-10-PoE(400W),/images/switch.jpg,0,1
USW-Pro-XG-10-PoE(400W),/images/banners/dcs-overview-1.png,1,0
USW-Pro-XG-10-PoE(400W),/images/banners/dcs-overview-2.png,2,0
USW-Pro-Max-16-PoE(180W),/images/switch.jpg,0,1
USW-Pro-Max-16-PoE(180W),/images/banners/dcs-overview-1.png,1,0
USW-Pro-Max-16-PoE(180W),/images/banners/dcs-overview-2.png,2,0
USW-Pro-HD-24,/images/switch.jpg,0,1
USW-Pro-HD-24,/images/banners/dcs-overview-1.png,1,0
USW-Pro-HD-24,/images/banners/dcs-overview-2.png,2,0
USW-Pro-Max-48,/images/switch.jpg,0,1
USW-Pro-Max-48,/images/banners/dcs-overview-1.png,1,0
USW-Pro-Max-48,/images/banners/dcs-overview-2.png,2,0
USW-Pro-Max-24,/images/switch.jpg,0,1
USW-Pro-Max-24,/images/banners/dcs-overview-1.png,1,0
USW-Pro-Max-24,/images/banners/dcs-overview-2.png,2,0
USW-Pro-Max-16,/images/switch.jpg,0,1
USW-Pro-Max-16,/images/banners/dcs-overview-1.png,1,0
USW-Pro-Max-16,/images/banners/dcs-overview-2.png,2,0
USW-Pro-48-PoE(600W),/images/switch.jpg,0,1
USW-Pro-48-PoE(600W),/images/banners/dcs-overview-1.png,1,0
USW-Pro-48-PoE(600W),/images/banners/dcs-overview-2.png,2,0
USW-Pro-24-PoE(400W),/images/products/Product-Pro-24-PoE.png,0,1
USW-Pro-24-PoE(400W),/images/banners/dcs-overview-1.png,1,0
USW-Pro-24-PoE(400W),/images/banners/dcs-overview-2.png,2,0
USW-Pro-48,/images/switch.jpg,0,1
USW-Pro-48,/images/banners/dcs-overview-1.png,1,0
USW-Pro-48,/images/banners/dcs-overview-2.png,2,0
USW-Pro-24,/images/switch.jpg,0,1
USW-Pro-24,/images/banners/dcs-overview-1.png,1,0
USW-Pro-24,/images/banners/dcs-overview-2.png,2,0
USW-Enterprise-48-PoE(720W),/images/switch.jpg,0,1
USW-Enterprise-48-PoE(720W),/images/banners/dcs-overview-1.png,1,0
USW-Enterprise-48-PoE(720W),/images/banners/dcs-overview-2.png,2,0
USW-Enterprise-24-PoE(400W),/images/switch.jpg,0,1
USW-Enterprise-24-PoE(400W),/images/banners/dcs-overview-1.png,1,0
USW-Enterprise-24-PoE(400W),/images/banners/dcs-overview-2.png,2,0
USW-Mission-Critical-(120W),/images/switch.jpg,0,1
USW-Mission-Critical-(120W),/images/banners/dcs-overview-1.png,1,0
USW-Mission-Critical-(120W),/images/banners/dcs-overview-2.png,2,0
USW-48-PoE(195W),/images/switch.jpg,0,1
USW-48-PoE(195W),/images/banners/dcs-overview-1.png,1,0
USW-48-PoE(195W),/images/banners/dcs-overview-2.png,2,0
USW-24-PoE(95W),/images/products/Product-Standard-24-PoE.png,0,1
USW-24-PoE(95W),/images/banners/dcs-overview-1.png,1,0
USW-24-PoE(95W),/images/banners/dcs-overview-2.png,2,0
USW-16-PoE(42W),/images/switch.jpg,0,1
USW-16-PoE(42W),/images/banners/dcs-overview-1.png,1,0
USW-16-PoE(42W),/images/banners/dcs-overview-2.png,2,0
USW-48,/images/switch.jpg,0,1
USW-48,/images/banners/dcs-overview-1.png,1,0
USW-48,/images/banners/dcs-overview-2.png,2,0
USW-24,/images/switch.jpg,0,1
USW-24,/images/banners/dcs-overview-1.png,1,0
USW-24,/images/banners/dcs-overview-2.png,2,0
USW-WAN,/images/switch.jpg,0,1
USW-WAN,/images/banners/dcs-overview-1.png,1,0
USW-WAN,/images/banners/dcs-overview-2.png,2,0
USW-WAN-RJ45,/images/products/Product-WAN-Switch-RJ45.png,0,1
USW-WAN-RJ45,/images/banners/dcs-overview-1.png,1,0
USW-WAN-RJ45,/images/banners/dcs-overview-2.png,2,0
USW-Lite-16-PoE(45W),/images/switch.jpg,0,1
USW-Lite-16-PoE(45W),/images/banners/dcs-overview-1.png,1,0
USW-Lite-16-PoE(45W),/images/banners/dcs-overview-2.png,2,0
USW-Lite-8-PoE(52W),/images/products/Product-Lite-8-PoE.png,0,1
USW-Lite-8-PoE(52W),/images/banners/dcs-overview-1.png,1,0
USW-Lite-8-PoE(52W),/images/banners/dcs-overview-2.png,2,0
USW-Pro-XG-8-PoE(155W),/images/switch.jpg,0,1
USW-Pro-XG-8-PoE(155W),/images/banners/dcs-overview-1.png,1,0
USW-Pro-XG-8-PoE(155W),/images/banners/dcs-overview-2.png,2,0
USW-Enterprise-8-PoE(120W),/images/switch.jpg,0,1
USW-Enterprise-8-PoE(120W),/images/banners/dcs-overview-1.png,1,0
USW-Enterprise-8-PoE(120W),/images/banners/dcs-overview-2.png,2,0
USW-Pro-8-PoE(120W),/images/switch.jpg,0,1
USW-Pro-8-PoE(120W),/images/banners/dcs-overview-1.png,1,0
USW-Pro-8-PoE(120W),/images/banners/dcs-overview-2.png,2,0
USW-Ultra-210W(202W),/images/switch.jpg,0,1
USW-Ultra-210W(202W),/images/banners/dcs-overview-1.png,1,0
USW-Ultra-210W(202W),/images/banners/dcs-overview-2.png,2,0
USW-Ultra-60W(52W),/images/switch.jpg,0,1
USW-Ultra-60W(52W),/images/banners/dcs-overview-1.png,1,0
USW-Ultra-60W(52W),/images/banners/dcs-overview-2.png,2,0
USW-Ultra(42W),/images/switch.jpg,0,1
USW-Ultra(42W),/images/banners/dcs-overview-1.png,1,0
USW-Ultra(42W),/images/banners/dcs-overview-2.png,2,0
USW-Flex-2.5G-8-PoE(196W),/images/switch.jpg,0,1
USW-Flex-2.5G-8-PoE(196W),/images/banners/dcs-overview-1.png,1,0
USW-Flex-2.5G-8-PoE(196W),/images/banners/dcs-overview-2.png,2,0
USW-Flex-2.5G-8,/images/switch.jpg,0,1
USW-Flex-2.5G-8,/images/banners/dcs-overview-1.png,1,0
USW-Flex-2.5G-8,/images/banners/dcs-overview-2.png,2,0
USW-Flex-2.5G-5,/images/switch.jpg,0,1
USW-Flex-2.5G-5,/images/banners/dcs-overview-1.png,1,0
USW-Flex-2.5G-5,/images/banners/dcs-overview-2.png,2,0
USW-Flex-Mini,/images/switch.jpg,0,1
USW-Flex-Mini,/images/banners/dcs-overview-1.png,1,0
USW-Flex-Mini,/images/banners/dcs-overview-2.png,2,0
USW-Flex(46W),/images/switch.jpg,0,1
USW-Flex(46W),/images/banners/dcs-overview-1.png,1,0
USW-Flex(46W),/images/banners/dcs-overview-2.png,2,0
USW-Flex-Utility,/images/switch.jpg,0,1
USW-Flex-Utility,/images/banners/dcs-overview-1.png,1,0
USW-Flex-Utility,/images/banners/dcs-overview-2.png,2,0
UACC-Flex-Utility-Pro,/images/switch.jpg,0,1
UACC-Flex-Utility-Pro,/images/banners/dcs-overview-1.png,1,0
UACC-Flex-Utility-Pro,/images/banners/dcs-overview-2.png,2,0
USW-Flex-XG,/images/switch.jpg,0,1
USW-Flex-XG,/images/banners/dcs-overview-1.png,1,0
USW-Flex-XG,/images/banners/dcs-overview-2.png,2,0
E7,/images/products/Product-UDR-5G-Max.png,0,1
E7,/images/banners/dcs-overview-1.png,1,0
E7,/images/banners/dcs-overview-2.png,2,0
E7-Campus,/images/products/Product-E7-Campus.png,0,1
E7-Campus,/images/banners/dcs-overview-1.png,1,0
E7-Campus,/images/banners/dcs-overview-2.png,2,0
E7-Audience,/images/products/Product-UDR-5G-Max.png,0,1
E7-Audience,/images/banners/dcs-overview-1.png,1,0
E7-Audience,/images/banners/dcs-overview-2.png,2,0
U7-Pro-XGS,/images/products/Product-UDR-5G-Max.png,0,1
U7-Pro-XGS,/images/banners/dcs-overview-1.png,1,0
U7-Pro-XGS,/images/banners/dcs-overview-2.png,2,0
U7-Pro-XG,/images/products/Product-U7-Pro-XGS.png,0,1
U7-Pro-XG,/images/banners/dcs-overview-1.png,1,0
U7-Pro-XG,/images/banners/dcs-overview-2.png,2,0
U7-Pro-Max,/images/products/Product-UDR-5G-Max.png,0,1
U7-Pro-Max,/images/banners/dcs-overview-1.png,1,0
U7-Pro-Max,/images/banners/dcs-overview-2.png,2,0
U7-Pr0,/images/products/Product-UDR-5G-Max.png,0,1
U7-Pr0,/images/banners/dcs-overview-1.png,1,0
U7-Pr0,/images/banners/dcs-overview-2.png,2,0
U7-LR,/images/products/Product-UDR-5G-Max.png,0,1
U7-LR,/images/banners/dcs-overview-1.png,1,0
U7-LR,/images/banners/dcs-overview-2.png,2,0
U7-Lite,/images/products/Product-UDR-5G-Max.png,0,1
U7-Lite,/images/banners/dcs-overview-1.png,1,0
U7-Lite,/images/banners/dcs-overview-2.png,2,0
U6-Enterprise,/images/products/Product-UDR-5G-Max.png,0,1
U6-Enterprise,/images/banners/dcs-overview-1.png,1,0
U6-Enterprise,/images/banners/dcs-overview-2.png,2,0
U6-Pro,/images/products/Product-UDR-5G-Max.png,0,1
U6-Pro,/images/banners/dcs-overview-1.png,1,0
U6-Pro,/images/banners/dcs-overview-2.png,2,0
U6-PLUS,/images/products/Product-UDR-5G-Max.png,0,1
U6-PLUS,/images/banners/dcs-overview-1.png,1,0
U6-PLUS,/images/banners/dcs-overview-2.png,2,0
UAP-AC-PRO,/images/products/Product-UDR-5G-Max.png,0,1
UAP-AC-PRO,/images/banners/dcs-overview-1.png,1,0
UAP-AC-PRO,/images/banners/dcs-overview-2.png,2,0
U7-Pro-XG-Wall,/images/products/Product-UDR-5G-Max.png,0,1
U7-Pro-XG-Wall,/images/banners/dcs-overview-1.png,1,0
U7-Pro-XG-Wall,/images/banners/dcs-overview-2.png,2,0
U7-Pro-Wall,/images/products/Product-U7-Pro-Wall.png,0,1
U7-Pro-Wall,/images/banners/dcs-overview-1.png,1,0
U7-Pro-Wall,/images/banners/dcs-overview-2.png,2,0
U7-IW,/images/products/Product-UDR-5G-Max.png,0,1
U7-IW,/images/banners/dcs-overview-1.png,1,0
U7-IW,/images/banners/dcs-overview-2.png,2,0
U6-Enterprise-IW,/images/products/Product-UDR-5G-Max.png,0,1
U6-Enterprise-IW,/images/banners/dcs-overview-1.png,1,0
U6-Enterprise-IW,/images/banners/dcs-overview-2.png,2,0
U6-IW,/images/products/Product-UDR-5G-Max.png,0,1
U6-IW,/images/banners/dcs-overview-1.png,1,0
U6-IW,/images/banners/dcs-overview-2.png,2,0
U6-Extender,/images/products/Product-UDR-5G-Max.png,0,1
U6-Extender,/images/banners/dcs-overview-1.png,1,0
U6-Extender,/images/banners/dcs-overview-2.png,2,0
U7-Pro-Outdoor,/images/products/Product-UDR-5G-Max.png,0,1
U7-Pro-Outdoor,/images/banners/dcs-overview-1.png,1,0
U7-Pro-Outdoor,/images/banners/dcs-overview-2.png,2,0
U7-Outdoor,/images/products/Product-U7-Outdoor.png,0,1
U7-Outdoor,/images/banners/dcs-overview-1.png,1,0
U7-Outdoor,/images/banners/dcs-overview-2.png,2,0
U6-Mesh,/images/products/Product-UDR-5G-Max.png,0,1
U6-Mesh,/images/banners/dcs-overview-1.png,1,0
U6-Mesh,/images/banners/dcs-overview-2.png,2,0
U6-Mesh-Pro,/images/products/Product-UDR-5G-Max.png,0,1
U6-Mesh-Pro,/images/banners/dcs-overview-1.png,1,0
U6-Mesh-Pro,/images/banners/dcs-overview-2.png,2,0
AC Mesh,/images/products/Product-UDR-5G-Max.png,0,1
AC Mesh,/images/banners/dcs-overview-1.png,1,0
AC Mesh,/images/banners/dcs-overview-2.png,2,0
UK-Ultra,/images/products/Product-UDR-5G-Max.png,0,1
UK-Ultra,/images/banners/dcs-overview-1.png,1,0
UK-Ultra,/images/banners/dcs-overview-2.png,2,0
Product Collection,/images/products/Product-UDR-5G-Max.png,0,1
Product Collection,/images/banners/dcs-overview-1.png,1,0
Product Collection,/images/banners/dcs-overview-2.png,2,0
UWB-XG,/images/products/Product-WiFI-BaseStation-XG.png,0,1
UWB-XG,/images/banners/dcs-overview-1.png,1,0
UWB-XG,/images/banners/dcs-overview-2.png,2,0
UDB-Pro-Sector,/images/products/Product-UDR-5G-Max.png,0,1
UDB-Pro-Sector,/images/banners/dcs-overview-1.png,1,0
UDB-Pro-Sector,/images/banners/dcs-overview-2.png,2,0
UDB-Pro,/images/products/Product-Device-Bridge-Pro-.png,0,1
UDB-Pro,/images/banners/dcs-overview-1.png,1,0
UDB-Pro,/images/banners/dcs-overview-2.png,2,0
UDB,/images/products/Product-UDR-5G-Max.png,0,1
UDB,/images/banners/dcs-overview-1.png,1,0
UDB,/images/banners/dcs-overview-2.png,2,0
UBB,/images/products/Product-UDR-5G-Max.png,0,1
UBB,/images/banners/dcs-overview-1.png,1,0
UBB,/images/banners/dcs-overview-2.png,2,0
UDB-Switch(35W),/images/products/Product-UDR-5G-Max.png,0,1
UDB-Switch(35W),/images/banners/dcs-overview-1.png,1,0
UDB-Switch(35W),/images/banners/dcs-overview-2.png,2,0
UBB-XG,/images/products/Product-UDR-5G-Max.png,0,1
UBB-XG,/images/banners/dcs-overview-1.png,1,0
UBB-XG,/images/banners/dcs-overview-2.png,2,0
UDB-IoT,/images/products/Product-UDR-5G-Max.png,0,1
UDB-IoT,/images/banners/dcs-overview-1.png,1,0
UDB-IoT,/images/banners/dcs-overview-2.png,2,0
UTR,/images/products/Product-UDR-5G-Max.png,0,1
UTR,/images/banners/dcs-overview-1.png,1,0
UTR,/images/banners/dcs-overview-2.png,2,0