product_id,item_name,item_image,sort_order
ENVR,Device,/images/dcs-box.png,0
ENVR,Mounting Kit,/images/dcs-box.png,1
ENVR,Power Cable,/images/dcs-box.png,2
ENVR,Quick Start,/images/dcs-box.png,3
UNVR-Pro,Device,/images/dcs-box.png,0
UNVR-Pro,Mounting Kit,/images/dcs-box.png,1
UNVR-Pro,Power Cable,/images/dcs-box.png,2
UNVR-Pro,Quick Start,/images/dcs-box.png,3
UNVR,Device,/images/dcs-box.png,0
UNVR,Mounting Kit,/images/dcs-box.png,1
UNVR,Power Cable,/images/dcs-box.png,2
UNVR,Quick Start,/images/dcs-box.png,3
UNVR-Instant,Device,/images/dcs-box.png,0
UNVR-Instant,Mounting Kit,/images/dcs-box.png,1
UNVR-Instant,Power Cable,/images/dcs-box.png,2
UNVR-Instant,Quick Start,/images/dcs-box.png,3
UNVR-Instant-Kit,Device,/images/dcs-box.png,0
UNVR-Instant-Kit,Mounting Kit,/images/dcs-box.png,1
UNVR-Instant-Kit,Power Cable,/images/dcs-box.png,2
UNVR-Instant-Kit,Quick Start,/images/dcs-box.png,3
AI-Key,Device,/images/dcs-box.png,0
AI-Key,Mounting Kit,/images/dcs-box.png,1
AI-Key,Power Cable,/images/dcs-box.png,2
AI-Key,Quick Start,/images/dcs-box.png,3
UP-AI-Port,Device,/images/dcs-box.png,0
UP-AI-Port,Mounting Kit,/images/dcs-box.png,1
UP-AI-Port,Power Cable,/images/dcs-box.png,2
UP-AI-Port,Quick Start,/images/dcs-box.png,3
UP-Viewport,Device,/images/dcs-box.png,0
UP-Viewport,Mounting Kit,/images/dcs-box.png,1
UP-Viewport,Power Cable,/images/dcs-box.png,2
UP-Viewport,Quick Start,/images/dcs-box.png,3
UCK-G2-SSD,Device,/images/dcs-box.png,0
UCK-G2-SSD,Mounting Kit,/images/dcs-box.png,1
UCK-G2-SSD,Power Cable,/images/dcs-box.png,2
UCK-G2-SSD,Quick Start,/images/dcs-box.png,3
UVC-G6-Pro-Turret,Device,/images/dcs-box.png,0
UVC-G6-Pro-Turret,Mounting Kit,/images/dcs-box.png,1
UVC-G6-Pro-Turret,Power Cable,/images/dcs-box.png,2
UVC-G6-Pro-Turret,Quick Start,/images/dcs-box.png,3
UVC-G6-Pro-Dome,Device,/images/dcs-box.png,0
UVC-G6-Pro-Dome,Mounting Kit,/images/dcs-box.png,1
UVC-G6-Pro-Dome,Power Cable,/images/dcs-box.png,2
UVC-G6-Pro-Dome,Quick Start,/images/dcs-box.png,3
UVC-G6-Turret,Device,/images/dcs-box.png,0
UVC-G6-Turret,Mounting Kit,/images/dcs-box.png,1
UVC-G6-Turret,Power Cable,/images/dcs-box.png,2
UVC-G6-Turret,Quick Start,/images/dcs-box.png,3
UVC-G6-Dome,Device,/images/dcs-box.png,0
UVC-G6-Dome,Mounting Kit,/images/dcs-box.png,1
UVC-G6-Dome,Power Cable,/images/dcs-box.png,2
UVC-G6-Dome,Quick Start,/images/dcs-box.png,3
UVC-G6-Pro-360-  ,Device,/images/dcs-box.png,0
UVC-G6-Pro-360-  ,Mounting Kit,/images/dcs-box.png,1
UVC-G6-Pro-360-  ,Power Cable,/images/dcs-box.png,2
UVC-G6-Pro-360-  ,Quick Start,/images/dcs-box.png,3
UVC-G6-180-B/W,Device,/images/dcs-box.png,0
UVC-G6-180-B/W,Mounting Kit,/images/dcs-box.png,1
UVC-G6-180-B/W,Power Cable,/images/dcs-box.png,2
UVC-G6-180-B/W,Quick Start,/images/dcs-box.png,3
UVC-G5-Turret-Ultra-B/W,Device,/images/dcs-box.png,0
UVC-G5-Turret-Ultra-B/W,Mounting Kit,/images/dcs-box.png,1
UVC-G5-Turret-Ultra-B/W,Power Cable,/images/dcs-box.png,2
UVC-G5-Turret-Ultra-B/W,Quick Start,/images/dcs-box.png,3
UVC-AI-Turret-B/W,Device,/images/dcs-box.png,0
UVC-AI-Turret-B/W,Mounting Kit,/images/dcs-box.png,1
UVC-AI-Turret-B/W,Power Cable,/images/dcs-box.png,2
UVC-AI-Turret-B/W,Quick Start,/images/dcs-box.png,3
UVC-AI-Dome-B/W,Device,/images/dcs-box.png,0
UVC-AI-Dome-B/W,Mounting Kit,/images/dcs-box.png,1
UVC-AI-Dome-B/W,Power Cable,/images/dcs-box.png,2
UVC-AI-Dome-B/W,Quick Start,/images/dcs-box.png,3
UVC-AI-360-B/W,Device,/images/dcs-box.png,0
UVC-AI-360-B/W,Mounting Kit,/images/dcs-box.png,1
UVC-AI-360-B/W,Power Cable,/images/dcs-box.png,2
UVC-AI-360-B/W,Quick Start,/images/dcs-box.png,3
UVC-G5-Dome,Device,/images/dcs-box.png,0
UVC-G5-Dome,Mounting Kit,/images/dcs-box.png,1
UVC-G5-Dome,Power Cable,/images/dcs-box.png,2
UVC-G5-Dome,Quick Start,/images/dcs-box.png,3
UVC-G5-Dome-Ultra-B/W,Device,/images/dcs-box.png,0
UVC-G5-Dome-Ultra-B/W,Mounting Kit,/images/dcs-box.png,1
UVC-G5-Dome-Ultra-B/W,Power Cable,/images/dcs-box.png,2
UVC-G5-Dome-Ultra-B/W,Quick Start,/images/dcs-box.png,3
UVC-AI-MS-4-B/W,Device,/images/dcs-box.png,0
UVC-AI-MS-4-B/W,Mounting Kit,/images/dcs-box.png,1
UVC-AI-MS-4-B/W,Power Cable,/images/dcs-box.png,2
UVC-AI-MS-4-B/W,Quick Start,/images/dcs-box.png,3
UVC-G6-Pro-Bullet-B/W,Device,/images/dcs-box.png,0
UVC-G6-Pro-Bullet-B/W,Mounting Kit,/images/dcs-box.png,1
UVC-G6-Pro-Bullet-B/W,Power Cable,/images/dcs-box.png,2
UVC-G6-Pro-Bullet-B/W,Quick Start,/images/dcs-box.png,3
UVC-G6-Bullet-B/W,Device,/images/dcs-box.png,0
UVC-G6-Bullet-B/W,Mounting Kit,/images/dcs-box.png,1
UVC-G6-Bullet-B/W,Power Cable,/images/dcs-box.png,2
UVC-G6-Bullet-B/W,Quick Start,/images/dcs-box.png,3
UVC-AI-LPR-B/W,Device,/images/dcs-box.png,0
UVC-AI-LPR-B/W,Mounting Kit,/images/dcs-box.png,1
UVC-AI-LPR-B/W,Power Cable,/images/dcs-box.png,2
UVC-AI-LPR-B/W,Quick Start,/images/dcs-box.png,3
UVC-AI-DSLR-B/W,Device,/images/dcs-box.png,0
UVC-AI-DSLR-B/W,Mounting Kit,/images/dcs-box.png,1
UVC-AI-DSLR-B/W,Power Cable,/images/dcs-box.png,2
UVC-AI-DSLR-B/W,Quick Start,/images/dcs-box.png,3
UVC-AI-Pro-B/W,Device,/images/dcs-box.png,0
UVC-AI-Pro-B/W,Mounting Kit,/images/dcs-box.png,1
UVC-AI-Pro-B/W,Power Cable,/images/dcs-box.png,2
UVC-AI-Pro-B/W,Quick Start,/images/dcs-box.png,3
UVC-G5-Pro,Device,/images/dcs-box.png,0
UVC-G5-Pro,Mounting Kit,/images/dcs-box.png,1
UVC-G5-Pro,Power Cable,/images/dcs-box.png,2
UVC-G5-Pro,Quick Start,/images/dcs-box.png,3
UVC-G5-Bullet,Device,/images/dcs-box.png,0
UVC-G5-Bullet,Mounting Kit,/images/dcs-box.png,1
UVC-G5-Bullet,Power Cable,/images/dcs-box.png,2
UVC-G5-Bullet,Quick Start,/images/dcs-box.png,3
UVC-G6-INS-W,Device,/images/dcs-box.png,0
UVC-G6-INS-W,Mounting Kit,/images/dcs-box.png,1
UVC-G6-INS-W,Power Cable,/images/dcs-box.png,2
UVC-G6-INS-W,Quick Start,/images/dcs-box.png,3
UVC-AI-Theta-Pro-W,Device,/images/dcs-box.png,0
UVC-AI-Theta-Pro-W,Mounting Kit,/images/dcs-box.png,1
UVC-AI-Theta-Pro-W,Power Cable,/images/dcs-box.png,2
UVC-AI-Theta-Pro-W,Quick Start,/images/dcs-box.png,3
UVC-G5-Flex,Device,/images/dcs-box.png,0
UVC-G5-Flex,Mounting Kit,/images/dcs-box.png,1
UVC-G5-Flex,Power Cable,/images/dcs-box.png,2
UVC-G5-Flex,Quick Start,/images/dcs-box.png,3
UVC-G4-INS,Device,/images/dcs-box.png,0
UVC-G4-INS,Mounting Kit,/images/dcs-box.png,1
UVC-G4-INS,Power Cable,/images/dcs-box.png,2
UVC-G4-INS,Quick Start,/images/dcs-box.png,3
UVC-AI-Theta-Audio,Device,/images/dcs-box.png,0
UVC-AI-Theta-Audio,Mounting Kit,/images/dcs-box.png,1
UVC-AI-Theta-Audio,Power Cable,/images/dcs-box.png,2
UVC-AI-Theta-Audio,Quick Start,/images/dcs-box.png,3
UVC-AI-Theta-ProLens50,Device,/images/dcs-box.png,0
UVC-AI-Theta-ProLens50,Mounting Kit,/images/dcs-box.png,1
UVC-AI-Theta-ProLens50,Power Cable,/images/dcs-box.png,2
UVC-AI-Theta-ProLens50,Quick Start,/images/dcs-box.png,3
UVC-G6-PTZ-B/W,Device,/images/dcs-box.png,0
UVC-G6-PTZ-B/W,Mounting Kit,/images/dcs-box.png,1
UVC-G6-PTZ-B/W,Power Cable,/images/dcs-box.png,2
UVC-G6-PTZ-B/W,Quick Start,/images/dcs-box.png,3
UVC-AI-PTZ-B/W,Device,/images/dcs-box.png,0
UVC-AI-PTZ-B/W,Mounting Kit,/images/dcs-box.png,1
UVC-AI-PTZ-B/W,Power Cable,/images/dcs-box.png,2
UVC-AI-PTZ-B/W,Quick Start,/images/dcs-box.png,3
UVC-AI-PTZ-Precision-B/W,Device,/images/dcs-box.png,0
UVC-AI-PTZ-Precision-B/W,Mounting Kit,/images/dcs-box.png,1
UVC-AI-PTZ-Precision-B/W,Power Cable,/images/dcs-box.png,2
UVC-AI-PTZ-Precision-B/W,Quick Start,/images/dcs-box.png,3
UVC-G5-PTZ-B/W,Device,/images/dcs-box.png,0
UVC-G5-PTZ-B/W,Mounting Kit,/images/dcs-box.png,1
UVC-G5-PTZ-B/W,Power Cable,/images/dcs-box.png,2
UVC-G5-PTZ-B/W,Quick Start,/images/dcs-box.png,3
UVC-4-Doorbell-Pro-PoE-Kit-B/W,Device,/images/dcs-box.png,0
UVC-4-Doorbell-Pro-PoE-Kit-B/W,Mounting Kit,/images/dcs-box.png,1
UVC-4-Doorbell-Pro-PoE-Kit-B/W,Power Cable,/images/dcs-box.png,2
UVC-4-Doorbell-Pro-PoE-Kit-B/W,Quick Start,/images/dcs-box.png,3
UVC-4-Doorbell-Pro-B/W,Device,/images/dcs-box.png,0
UVC-4-Doorbell-Pro-B/W,Mounting Kit,/images/dcs-box.png,1
UVC-4-Doorbell-Pro-B/W,Power Cable,/images/dcs-box.png,2
UVC-4-Doorbell-Pro-B/W,Quick Start,/images/dcs-box.png,3
UVC-Doorbell-B/W,Device,/images/dcs-box.png,0
UVC-Doorbell-B/W,Mounting Kit,/images/dcs-box.png,1
UVC-Doorbell-B/W,Power Cable,/images/dcs-box.png,2
UVC-Doorbell-B/W,Quick Start,/images/dcs-box.png,3
UVC-Chime-PoE,Device,/images/dcs-box.png,0
UVC-Chime-PoE,Mounting Kit,/images/dcs-box.png,1
UVC-Chime-PoE,Power Cable,/images/dcs-box.png,2
UVC-Chime-PoE,Quick Start,/images/dcs-box.png,3
UVC-Chime,Device,/images/dcs-box.png,0
UVC-Chime,Mounting Kit,/images/dcs-box.png,1
UVC-Chime,Power Cable,/images/dcs-box.png,2
UVC-Chime,Quick Start,/images/dcs-box.png,3
USL-Gateway,Device,/images/dcs-box.png,0
USL-Gateway,Mounting Kit,/images/dcs-box.png,1
USL-Gateway,Power Cable,/images/dcs-box.png,2
USL-Gateway,Quick Start,/images/dcs-box.png,3
USL-Entry,Device,/images/dcs-box.png,0
USL-Entry,Mounting Kit,/images/dcs-box.png,1
USL-Entry,Power Cable,/images/dcs-box.png,2
USL-Entry,Quick Start,/images/dcs-box.png,3
USL-Motion,Device,/images/dcs-box.png,0
USL-Motion,Mounting Kit,/images/dcs-box.png,1
USL-Motion,Power Cable,/images/dcs-box.png,2
USL-Motion,Quick Start,/images/dcs-box.png,3
USL-Siren,Device,/images/dcs-box.png,0
USL-Siren,Mounting Kit,/images/dcs-box.png,1
USL-Siren,Power Cable,/images/dcs-box.png,2
USL-Siren,Quick Start,/images/dcs-box.png,3
USL-Siren-PoE,Device,/images/dcs-box.png,0
USL-Siren-PoE,Mounting Kit,/images/dcs-box.png,1
USL-Siren-PoE,Power Cable,/images/dcs-box.png,2
USL-Siren-PoE,Quick Start,/images/dcs-box.png,3
USL-Environmental,Device,/images/dcs-box.png,0
USL-Environmental,Mounting Kit,/images/dcs-box.png,1
USL-Environmental,Power Cable,/images/dcs-box.png,2
USL-Environmental,Quick Start,/images/dcs-box.png,3
UP-Sense,Device,/images/dcs-box.png,0
UP-Sense,Mounting Kit,/images/dcs-box.png,1
UP-Sense,Power Cable,/images/dcs-box.png,2
UP-Sense,Quick Start,/images/dcs-box.png,3
USL-GlassBreak,Device,/images/dcs-box.png,0
USL-GlassBreak,Mounting Kit,/images/dcs-box.png,1
USL-GlassBreak,Power Cable,/images/dcs-box.png,2
USL-GlassBreak,Quick Start,/images/dcs-box.png,3
UACC-USL-ANT-HG,Device,/images/dcs-box.png,0
UACC-USL-ANT-HG,Mounting Kit,/images/dcs-box.png,1
UACC-USL-ANT-HG,Power Cable,/images/dcs-box.png,2
UACC-USL-ANT-HG,Quick Start,/images/dcs-box.png,3
UP-AI-Horn-Speaker-B/W,Device,/images/dcs-box.png,0
UP-AI-Horn-Speaker-B/W,Mounting Kit,/images/dcs-box.png,1
UP-AI-Horn-Speaker-B/W,Power Cable,/images/dcs-box.png,2
UP-AI-Horn-Speaker-B/W,Quick Start,/images/dcs-box.png,3
UP-FloodLight,Device,/images/dcs-box.png,0
UP-FloodLight,Mounting Kit,/images/dcs-box.png,1
UP-FloodLight,Power Cable,/images/dcs-box.png,2
UP-FloodLight,Quick Start,/images/dcs-box.png,3
UACC-Adapter-PoE-USBC,Device,/images/dcs-box.png,0
UACC-Adapter-PoE-USBC,Mounting Kit,/images/dcs-box.png,1
UACC-Adapter-PoE-USBC,Power Cable,/images/dcs-box.png,2
UACC-Adapter-PoE-USBC,Quick Start,/images/dcs-box.png,3
UACC-Camera-CJB-B/W,Device,/images/dcs-box.png,0
UACC-Camera-CJB-B/W,Mounting Kit,/images/dcs-box.png,1
UACC-Camera-CJB-B/W,Power Cable,/images/dcs-box.png,2
UACC-Camera-CJB-B/W,Quick Start,/images/dcs-box.png,3
UACC-Camera-CJB-B/W,Device,/images/dcs-box.png,0
UACC-Camera-CJB-B/W,Mounting Kit,/images/dcs-box.png,1
UACC-Camera-CJB-B/W,Power Cable,/images/dcs-box.png,2
UACC-Camera-CJB-B/W,Quick Start,/images/dcs-box.png,3
UACC-Camera-JB-B/W,Device,/images/dcs-box.png,0
UACC-Camera-JB-B/W,Mounting Kit,/images/dcs-box.png,1
UACC-Camera-JB-B/W,Power Cable,/images/dcs-box.png,2
UACC-Camera-JB-B/W,Quick Start,/images/dcs-box.png,3
UACC-AI-JB-B/W,Device,/images/dcs-box.png,0
UACC-AI-JB-B/W,Mounting Kit,/images/dcs-box.png,1
UACC-AI-JB-B/W,Power Cable,/images/dcs-box.png,2
UACC-AI-JB-B/W,Quick Start,/images/dcs-box.png,3
UACC-G4-Dome-Arm-Mount,Device,/images/dcs-box.png,0
UACC-G4-Dome-Arm-Mount,Mounting Kit,/images/dcs-box.png,1
UACC-G4-Dome-Arm-Mount,Power Cable,/images/dcs-box.png,2
UACC-G4-Dome-Arm-Mount,Quick Start,/images/dcs-box.png,3
UACC-Camera-AM-B,Device,/images/dcs-box.png,0
UACC-Camera-AM-B,Mounting Kit,/images/dcs-box.png,1
UACC-Camera-AM-B,Power Cable,/images/dcs-box.png,2
UACC-Camera-AM-B,Quick Start,/images/dcs-box.png,3
UACC-Bullet-AB-B,Device,/images/dcs-box.png,0
UACC-Bullet-AB-B,Mounting Kit,/images/dcs-box.png,1
UACC-Bullet-AB-B,Power Cable,/images/dcs-box.png,2
UACC-Bullet-AB-B,Quick Start,/images/dcs-box.png,3
UACC-Pro-Bullet-Enhancer-B/W,Device,/images/dcs-box.png,0
UACC-Pro-Bullet-Enhancer-B/W,Mounting Kit,/images/dcs-box.png,1
UACC-Pro-Bullet-Enhancer-B/W,Power Cable,/images/dcs-box.png,2
UACC-Pro-Bullet-Enhancer-B/W,Quick Start,/images/dcs-box.png,3
UACC-AI-Pro-Enhancer-B/W,Device,/images/dcs-box.png,0
UACC-AI-Pro-Enhancer-B/W,Mounting Kit,/images/dcs-box.png,1
UACC-AI-Pro-Enhancer-B/W,Power Cable,/images/dcs-box.png,2
UACC-AI-Pro-Enhancer-B/W,Quick Start,/images/dcs-box.png,3
UACC-G5-Enhancer,Device,/images/dcs-box.png,0
UACC-G5-Enhancer,Mounting Kit,/images/dcs-box.png,1
UACC-G5-Enhancer,Power Cable,/images/dcs-box.png,2
UACC-G5-Enhancer,Quick Start,/images/dcs-box.png,3
UVC-G4-IRExtender,Device,/images/dcs-box.png,0
UVC-G4-IRExtender,Mounting Kit,/images/dcs-box.png,1
UVC-G4-IRExtender,Power Cable,/images/dcs-box.png,2
UVC-G4-IRExtender,Quick Start,/images/dcs-box.png,3
UACC-Camera-DM-B/W,Device,/images/dcs-box.png,0
UACC-Camera-DM-B/W,Mounting Kit,/images/dcs-box.png,1
UACC-Camera-DM-B/W,Power Cable,/images/dcs-box.png,2
UACC-Camera-DM-B/W,Quick Start,/images/dcs-box.png,3
UACC-GB-Plate-B/W,Device,/images/dcs-box.png,0
UACC-GB-Plate-B/W,Mounting Kit,/images/dcs-box.png,1
UACC-GB-Plate-B/W,Power Cable,/images/dcs-box.png,2
UACC-GB-Plate-B/W,Quick Start,/images/dcs-box.png,3
UACC-Dome-FM-B/W,Device,/images/dcs-box.png,0
UACC-Dome-FM-B/W,Mounting Kit,/images/dcs-box.png,1
UACC-Dome-FM-B/W,Power Cable,/images/dcs-box.png,2
UACC-Dome-FM-B/W,Quick Start,/images/dcs-box.png,3
UACC-G6-Pro-360-FM-B/W,Device,/images/dcs-box.png,0
UACC-G6-Pro-360-FM-B/W,Mounting Kit,/images/dcs-box.png,1
UACC-G6-Pro-360-FM-B/W,Power Cable,/images/dcs-box.png,2
UACC-G6-Pro-360-FM-B/W,Quick Start,/images/dcs-box.png,3
UACC-G6-Dome-FM-B/W,Device,/images/dcs-box.png,0
UACC-G6-Dome-FM-B/W,Mounting Kit,/images/dcs-box.png,1
UACC-G6-Dome-FM-B/W,Power Cable,/images/dcs-box.png,2
UACC-G6-Dome-FM-B/W,Quick Start,/images/dcs-box.png,3
UACC-G6-Dome-FMS-B/W,Device,/images/dcs-box.png,0
UACC-G6-Dome-FMS-B/W,Mounting Kit,/images/dcs-box.png,1
UACC-G6-Dome-FMS-B/W,Power Cable,/images/dcs-box.png,2
UACC-G6-Dome-FMS-B/W,Quick Start,/images/dcs-box.png,3
UACC-G5-Dome-Ultra-FM-B/W,Device,/images/dcs-box.png,0
UACC-G5-Dome-Ultra-FM-B/W,Mounting Kit,/images/dcs-box.png,1
UACC-G5-Dome-Ultra-FM-B/W,Power Cable,/images/dcs-box.png,2
UACC-G5-Dome-Ultra-FM-B/W,Quick Start,/images/dcs-box.png,3
UACC-G5-Dome-Ultra-FM-SB-B/W,Device,/images/dcs-box.png,0
UACC-G5-Dome-Ultra-FM-SB-B/W,Mounting Kit,/images/dcs-box.png,1
UACC-G5-Dome-Ultra-FM-SB-B/W,Power Cable,/images/dcs-box.png,2
UACC-G5-Dome-Ultra-FM-SB-B/W,Quick Start,/images/dcs-box.png,3
UACC-G6-Dome-WS-B/W,Device,/images/dcs-box.png,0
UACC-G6-Dome-WS-B/W,Mounting Kit,/images/dcs-box.png,1
UACC-G6-Dome-WS-B/W,Power Cable,/images/dcs-box.png,2
UACC-G6-Dome-WS-B/W,Quick Start,/images/dcs-box.png,3
UACC-Dome-WS-B/W,Device,/images/dcs-box.png,0
UACC-Dome-WS-B/W,Mounting Kit,/images/dcs-box.png,1
UACC-Dome-WS-B/W,Power Cable,/images/dcs-box.png,2
UACC-Dome-WS-B/W,Quick Start,/images/dcs-box.png,3
UACC-G6-180-FM-B/W,Device,/images/dcs-box.png,0
UACC-G6-180-FM-B/W,Mounting Kit,/images/dcs-box.png,1
UACC-G6-180-FM-B/W,Power Cable,/images/dcs-box.png,2
UACC-G6-180-FM-B/W,Quick Start,/images/dcs-box.png,3
UACC-G6-180-PM-B/W,Device,/images/dcs-box.png,0
UACC-G6-180-PM-B/W,Mounting Kit,/images/dcs-box.png,1
UACC-G6-180-PM-B/W,Power Cable,/images/dcs-box.png,2
UACC-G6-180-PM-B/W,Quick Start,/images/dcs-box.png,3
UACC-G5-PTZ-CM-B/W,Device,/images/dcs-box.png,0
UACC-G5-PTZ-CM-B/W,Mounting Kit,/images/dcs-box.png,1
UACC-G5-PTZ-CM-B/W,Power Cable,/images/dcs-box.png,2
UACC-G5-PTZ-CM-B/W,Quick Start,/images/dcs-box.png,3
UACC-G5-PTZ-PM-B/W,Device,/images/dcs-box.png,0
UACC-G5-PTZ-PM-B/W,Mounting Kit,/images/dcs-box.png,1
UACC-G5-PTZ-PM-B/W,Power Cable,/images/dcs-box.png,2
UACC-G5-PTZ-PM-B/W,Quick Start,/images/dcs-box.png,3
UACC-G5-PTZ-SM-B/W,Device,/images/dcs-box.png,0
UACC-G5-PTZ-SM-B/W,Mounting Kit,/images/dcs-box.png,1
UACC-G5-PTZ-SM-B/W,Power Cable,/images/dcs-box.png,2
UACC-G5-PTZ-SM-B/W,Quick Start,/images/dcs-box.png,3
UACC-G5-PTZ-ICM-SB-B/W,Device,/images/dcs-box.png,0
UACC-G5-PTZ-ICM-SB-B/W,Mounting Kit,/images/dcs-box.png,1
UACC-G5-PTZ-ICM-SB-B/W,Power Cable,/images/dcs-box.png,2
UACC-G5-PTZ-ICM-SB-B/W,Quick Start,/images/dcs-box.png,3
UACC-G6-PTZ-ICM-B/W,Device,/images/dcs-box.png,0
UACC-G6-PTZ-ICM-B/W,Mounting Kit,/images/dcs-box.png,1
UACC-G6-PTZ-ICM-B/W,Power Cable,/images/dcs-box.png,2
UACC-G6-PTZ-ICM-B/W,Quick Start,/images/dcs-box.png,3
UACC-G5-PTZ-CA-B/W,Device,/images/dcs-box.png,0
UACC-G5-PTZ-CA-B/W,Mounting Kit,/images/dcs-box.png,1
UACC-G5-PTZ-CA-B/W,Power Cable,/images/dcs-box.png,2
UACC-G5-PTZ-CA-B/W,Quick Start,/images/dcs-box.png,3
UACC-Flex-Cam-PWM-B/W,Device,/images/dcs-box.png,0
UACC-Flex-Cam-PWM-B/W,Mounting Kit,/images/dcs-box.png,1
UACC-Flex-Cam-PWM-B/W,Power Cable,/images/dcs-box.png,2
UACC-Flex-Cam-PWM-B/W,Quick Start,/images/dcs-box.png,3
UACC-G4 Doorbell Pro PoE-Gang Box-White-B/W,Device,/images/dcs-box.png,0
UACC-G4 Doorbell Pro PoE-Gang Box-White-B/W,Mounting Kit,/images/dcs-box.png,1
UACC-G4 Doorbell Pro PoE-Gang Box-White-B/W,Power Cable,/images/dcs-box.png,2
UACC-G4 Doorbell Pro PoE-Gang Box-White-B/W,Quick Start,/images/dcs-box.png,3
UACC-G4-DBP-Cable-USB-7M,Device,/images/dcs-box.png,0
UACC-G4-DBP-Cable-USB-7M,Mounting Kit,/images/dcs-box.png,1
UACC-G4-DBP-Cable-USB-7M,Power Cable,/images/dcs-box.png,2
UACC-G4-DBP-Cable-USB-7M,Quick Start,/images/dcs-box.png,3
UACC-G4-INS-Cable-USB-4.5M,Device,/images/dcs-box.png,0
UACC-G4-INS-Cable-USB-4.5M,Mounting Kit,/images/dcs-box.png,1
UACC-G4-INS-Cable-USB-4.5M,Power Cable,/images/dcs-box.png,2
UACC-G4-INS-Cable-USB-4.5M,Quick Start,/images/dcs-box.png,3
UACC-G4-INS-Cover-DG/G/LG,Device,/images/dcs-box.png,0
UACC-G4-INS-Cover-DG/G/LG,Mounting Kit,/images/dcs-box.png,1
UACC-G4-INS-Cover-DG/G/LG,Power Cable,/images/dcs-box.png,2
UACC-G4-INS-Cover-DG/G/LG,Quick Start,/images/dcs-box.png,3
UACC-AI-Theta-Audio-Cable-1M,Device,/images/dcs-box.png,0
UACC-AI-Theta-Audio-Cable-1M,Mounting Kit,/images/dcs-box.png,1
UACC-AI-Theta-Audio-Cable-1M,Power Cable,/images/dcs-box.png,2
UACC-AI-Theta-Audio-Cable-1M,Quick Start,/images/dcs-box.png,3
UACC-AI-Theta-Audio-Cable-Ext-10M,Device,/images/dcs-box.png,0
UACC-AI-Theta-Audio-Cable-Ext-10M,Mounting Kit,/images/dcs-box.png,1
UACC-AI-Theta-Audio-Cable-Ext-10M,Power Cable,/images/dcs-box.png,2
UACC-AI-Theta-Audio-Cable-Ext-10M,Quick Start,/images/dcs-box.png,3
efg,Device,/images/dcs-box.png,0
efg,Mounting Kit,/images/dcs-box.png,1
efg,Power Cable,/images/dcs-box.png,2
efg,Quick Start,/images/dcs-box.png,3
udm-pro-max,Device,/images/dcs-box.png,0
udm-pro-max,Mounting Kit,/images/dcs-box.png,1
udm-pro-max,Power Cable,/images/dcs-box.png,2
udm-pro-max,Quick Start,/images/dcs-box.png,3
udm-pro,Device,/images/dcs-box.png,0
udm-pro,Mounting Kit,/images/dcs-box.png,1
udm-pro,Power Cable,/images/dcs-box.png,2
udm-pro,Quick Start,/images/dcs-box.png,3
udm-se,Device,/images/dcs-box.png,0
udm-se,Mounting Kit,/images/dcs-box.png,1
udm-se,Power Cable,/images/dcs-box.png,2
udm-se,Quick Start,/images/dcs-box.png,3
ucg-fiber,Device,/images/dcs-box.png,0
ucg-fiber,Mounting Kit,/images/dcs-box.png,1
ucg-fiber,Power Cable,/images/dcs-box.png,2
ucg-fiber,Quick Start,/images/dcs-box.png,3
ucg-max,Device,/images/dcs-box.png,0
ucg-max,Mounting Kit,/images/dcs-box.png,1
ucg-max,Power Cable,/images/dcs-box.png,2
ucg-max,Quick Start,/images/dcs-box.png,3
ucg-ultra,Device,/images/dcs-box.png,0
ucg-ultra,Mounting Kit,/images/dcs-box.png,1
ucg-ultra,Power Cable,/images/dcs-box.png,2
ucg-ultra,Quick Start,/images/dcs-box.png,3
udr-7,Device,/images/dcs-box.png,0
udr-7,Mounting Kit,/images/dcs-box.png,1
udr-7,Power Cable,/images/dcs-box.png,2
udr-7,Quick Start,/images/dcs-box.png,3
ux-7,Device,/images/dcs-box.png,0
ux-7,Mounting Kit,/images/dcs-box.png,1
ux-7,Power Cable,/images/dcs-box.png,2
ux-7,Quick Start,/images/dcs-box.png,3
udr-5g-max,Device,/images/dcs-box.png,0
udr-5g-max,Mounting Kit,/images/dcs-box.png,1
udr-5g-max,Power Cable,/images/dcs-box.png,2
udr-5g-max,Quick Start,/images/dcs-box.png,3
UDW,Device,/images/dcs-box.png,0
UDW,Mounting Kit,/images/dcs-box.png,1
UDW,Power Cable,/images/dcs-box.png,2
UDW,Quick Start,/images/dcs-box.png,3
UVC-G6-Pro-Entry,Device,/images/dcs-box.png,0
UVC-G6-Pro-Entry,Mounting Kit,/images/dcs-box.png,1
UVC-G6-Pro-Entry,Power Cable,/images/dcs-box.png,2
UVC-G6-Pro-Entry,Quick Start,/images/dcs-box.png,3
UVC-G6-Entry,Device,/images/dcs-box.png,0
UVC-G6-Entry,Mounting Kit,/images/dcs-box.png,1
UVC-G6-Entry,Power Cable,/images/dcs-box.png,2
UVC-G6-Entry,Quick Start,/images/dcs-box.png,3
UA-G3-Pro-B/W,Device,/images/dcs-box.png,0
UA-G3-Pro-B/W,Mounting Kit,/images/dcs-box.png,1
UA-G3-Pro-B/W,Power Cable,/images/dcs-box.png,2
UA-G3-Pro-B/W,Quick Start,/images/dcs-box.png,3
UA-G2-Pro-B/W,Device,/images/dcs-box.png,0
UA-G2-Pro-B/W,Mounting Kit,/images/dcs-box.png,1
UA-G2-Pro-B/W,Power Cable,/images/dcs-box.png,2
UA-G2-Pro-B/W,Quick Start,/images/dcs-box.png,3
UA-G3-Flex-B/W,Device,/images/dcs-box.png,0
UA-G3-Flex-B/W,Mounting Kit,/images/dcs-box.png,1
UA-G3-Flex-B/W,Power Cable,/images/dcs-box.png,2
UA-G3-Flex-B/W,Quick Start,/images/dcs-box.png,3
UA-G3-B/W,Device,/images/dcs-box.png,0
UA-G3-B/W,Mounting Kit,/images/dcs-box.png,1
UA-G3-B/W,Power Cable,/images/dcs-box.png,2
UA-G3-B/W,Quick Start,/images/dcs-box.png,3
UA-G2-B/W,Device,/images/dcs-box.png,0
UA-G2-B/W,Mounting Kit,/images/dcs-box.png,1
UA-G2-B/W,Power Cable,/images/dcs-box.png,2
UA-G2-B/W,Quick Start,/images/dcs-box.png,3
UA-Retrofit-Reader-B/W,Device,/images/dcs-box.png,0
UA-Retrofit-Reader-B/W,Mounting Kit,/images/dcs-box.png,1
UA-Retrofit-Reader-B/W,Power Cable,/images/dcs-box.png,2
UA-Retrofit-Reader-B/W,Quick Start,/images/dcs-box.png,3
UA-G3-Intercom,Device,/images/dcs-box.png,0
UA-G3-Intercom,Mounting Kit,/images/dcs-box.png,1
UA-G3-Intercom,Power Cable,/images/dcs-box.png,2
UA-G3-Intercom,Quick Start,/images/dcs-box.png,3
UA-G2-Intercom,Device,/images/dcs-box.png,0
UA-G2-Intercom,Mounting Kit,/images/dcs-box.png,1
UA-G2-Intercom,Power Cable,/images/dcs-box.png,2
UA-G2-Intercom,Quick Start,/images/dcs-box.png,3
UA-Ultra,Device,/images/dcs-box.png,0
UA-Ultra,Mounting Kit,/images/dcs-box.png,1
UA-Ultra,Power Cable,/images/dcs-box.png,2
UA-Ultra,Quick Start,/images/dcs-box.png,3
UA-G3-Intercom,Device,/images/dcs-box.png,0
UA-G3-Intercom,Mounting Kit,/images/dcs-box.png,1
UA-G3-Intercom,Power Cable,/images/dcs-box.png,2
UA-G3-Intercom,Quick Start,/images/dcs-box.png,3
UA-G2-Intercom,Device,/images/dcs-box.png,0
UA-G2-Intercom,Mounting Kit,/images/dcs-box.png,1
UA-G2-Intercom,Power Cable,/images/dcs-box.png,2
UA-G2-Intercom,Quick Start,/images/dcs-box.png,3
UA-G2-Intercom,Device,/images/dcs-box.png,0
UA-G2-Intercom,Mounting Kit,/images/dcs-box.png,1
UA-G2-Intercom,Power Cable,/images/dcs-box.png,2
UA-G2-Intercom,Quick Start,/images/dcs-box.png,3
UVC-G6-Pro-Entry,Device,/images/dcs-box.png,0
UVC-G6-Pro-Entry,Mounting Kit,/images/dcs-box.png,1
UVC-G6-Pro-Entry,Power Cable,/images/dcs-box.png,2
UVC-G6-Pro-Entry,Quick Start,/images/dcs-box.png,3
UVC-G6-Entry,Device,/images/dcs-box.png,0
UVC-G6-Entry,Mounting Kit,/images/dcs-box.png,1
UVC-G6-Entry,Power Cable,/images/dcs-box.png,2
UVC-G6-Entry,Quick Start,/images/dcs-box.png,3
EAH-8,Device,/images/dcs-box.png,0
EAH-8,Mounting Kit,/images/dcs-box.png,1
EAH-8,Power Cable,/images/dcs-box.png,2
EAH-8,Quick Start,/images/dcs-box.png,3
UA-Retrofit-Hub-2,Device,/images/dcs-box.png,0
UA-Retrofit-Hub-2,Mounting Kit,/images/dcs-box.png,1
UA-Retrofit-Hub-2,Power Cable,/images/dcs-box.png,2
UA-Retrofit-Hub-2,Quick Start,/images/dcs-box.png,3
UA-Hub-Door,Device,/images/dcs-box.png,0
UA-Hub-Door,Mounting Kit,/images/dcs-box.png,1
UA-Hub-Door,Power Cable,/images/dcs-box.png,2
UA-Hub-Door,Quick Start,/images/dcs-box.png,3
UA-Hub-Door-Mini,Device,/images/dcs-box.png,0
UA-Hub-Door-Mini,Mounting Kit,/images/dcs-box.png,1
UA-Hub-Door-Mini,Power Cable,/images/dcs-box.png,2
UA-Hub-Door-Mini,Quick Start,/images/dcs-box.png,3
UA-Hub-Gate,Device,/images/dcs-box.png,0
UA-Hub-Gate,Mounting Kit,/images/dcs-box.png,1
UA-Hub-Gate,Power Cable,/images/dcs-box.png,2
UA-Hub-Gate,Quick Start,/images/dcs-box.png,3
UA-Ultra,Device,/images/dcs-box.png,0
UA-Ultra,Mounting Kit,/images/dcs-box.png,1
UA-Ultra,Power Cable,/images/dcs-box.png,2
UA-Ultra,Quick Start,/images/dcs-box.png,3
UA-G3-SK-Pro,Device,/images/dcs-box.png,0
UA-G3-SK-Pro,Mounting Kit,/images/dcs-box.png,1
UA-G3-SK-Pro,Power Cable,/images/dcs-box.png,2
UA-G3-SK-Pro,Quick Start,/images/dcs-box.png,3
UA-G2-SK-Pro,Device,/images/dcs-box.png,0
UA-G2-SK-Pro,Mounting Kit,/images/dcs-box.png,1
UA-G2-SK-Pro,Power Cable,/images/dcs-box.png,2
UA-G2-SK-Pro,Quick Start,/images/dcs-box.png,3
UA-G3-SK,Device,/images/dcs-box.png,0
UA-G3-SK,Mounting Kit,/images/dcs-box.png,1
UA-G3-SK,Power Cable,/images/dcs-box.png,2
UA-G3-SK,Quick Start,/images/dcs-box.png,3
UA-G2-SK,Device,/images/dcs-box.png,0
UA-G2-SK,Mounting Kit,/images/dcs-box.png,1
UA-G2-SK,Power Cable,/images/dcs-box.png,2
UA-G2-SK,Quick Start,/images/dcs-box.png,3
UA-G3-SK-Gate,Device,/images/dcs-box.png,0
UA-G3-SK-Gate,Mounting Kit,/images/dcs-box.png,1
UA-G3-SK-Gate,Power Cable,/images/dcs-box.png,2
UA-G3-SK-Gate,Quick Start,/images/dcs-box.png,3
UA-G2-SK-Gate,Device,/images/dcs-box.png,0
UA-G2-SK-Gate,Mounting Kit,/images/dcs-box.png,1
UA-G2-SK-Gate,Power Cable,/images/dcs-box.png,2
UA-G2-SK-Gate,Quick Start,/images/dcs-box.png,3
UA-SK-Elevator,Device,/images/dcs-box.png,0
UA-SK-Elevator,Mounting Kit,/images/dcs-box.png,1
UA-SK-Elevator,Power Cable,/images/dcs-box.png,2
UA-SK-Elevator,Quick Start,/images/dcs-box.png,3
UA-G3-Intercom,Device,/images/dcs-box.png,0
UA-G3-Intercom,Mounting Kit,/images/dcs-box.png,1
UA-G3-Intercom,Power Cable,/images/dcs-box.png,2
UA-G3-Intercom,Quick Start,/images/dcs-box.png,3
UA-G2-Intercom,Device,/images/dcs-box.png,0
UA-G2-Intercom,Mounting Kit,/images/dcs-box.png,1
UA-G2-Intercom,Power Cable,/images/dcs-box.png,2
UA-G2-Intercom,Quick Start,/images/dcs-box.png,3
UA-Intercom-Viewer,Device,/images/dcs-box.png,0
UA-Intercom-Viewer,Mounting Kit,/images/dcs-box.png,1
UA-Intercom-Viewer,Power Cable,/images/dcs-box.png,2
UA-Intercom-Viewer,Quick Start,/images/dcs-box.png,3
ENVR,Device,/images/dcs-box.png,0
ENVR,Mounting Kit,/images/dcs-box.png,1
ENVR,Power Cable,/images/dcs-box.png,2
ENVR,Quick Start,/images/dcs-box.png,3
UNVR-pro,Device,/images/dcs-box.png,0
UNVR-pro,Mounting Kit,/images/dcs-box.png,1
UNVR-pro,Power Cable,/images/dcs-box.png,2
UNVR-pro,Quick Start,/images/dcs-box.png,3
UNVR,Device,/images/dcs-box.png,0
UNVR,Mounting Kit,/images/dcs-box.png,1
UNVR,Power Cable,/images/dcs-box.png,2
UNVR,Quick Start,/images/dcs-box.png,3
UNVR-Instant,Device,/images/dcs-box.png,0
UNVR-Instant,Mounting Kit,/images/dcs-box.png,1
UNVR-Instant,Power Cable,/images/dcs-box.png,2
UNVR-Instant,Quick Start,/images/dcs-box.png,3
UNVR-Instant-Kit,Device,/images/dcs-box.png,0
UNVR-Instant-Kit,Mounting Kit,/images/dcs-box.png,1
UNVR-Instant-Kit,Power Cable,/images/dcs-box.png,2
UNVR-Instant-Kit,Quick Start,/images/dcs-box.png,3
UA-Card-10-B/W,Device,/images/dcs-box.png,0
UA-Card-10-B/W,Mounting Kit,/images/dcs-box.png,1
UA-Card-10-B/W,Power Cable,/images/dcs-box.png,2
UA-Card-10-B/W,Quick Start,/images/dcs-box.png,3
UACC-Retrofit-PoE-2Wire,Device,/images/dcs-box.png,0
UACC-Retrofit-PoE-2Wire,Mounting Kit,/images/dcs-box.png,1
UACC-Retrofit-PoE-2Wire,Power Cable,/images/dcs-box.png,2
UACC-Retrofit-PoE-2Wire,Quick Start,/images/dcs-box.png,3
UACC-Reader-JB-B/W,Device,/images/dcs-box.png,0
UACC-Reader-JB-B/W,Mounting Kit,/images/dcs-box.png,1
UACC-Reader-JB-B/W,Power Cable,/images/dcs-box.png,2
UACC-Reader-JB-B/W,Quick Start,/images/dcs-box.png,3
UACC-Reader-Pro-JB-B/W,Device,/images/dcs-box.png,0
UACC-Reader-Pro-JB-B/W,Mounting Kit,/images/dcs-box.png,1
UACC-Reader-Pro-JB-B/W,Power Cable,/images/dcs-box.png,2
UACC-Reader-Pro-JB-B/W,Quick Start,/images/dcs-box.png,3
UACC-Reader-Pro-AM-B/W,Device,/images/dcs-box.png,0
UACC-Reader-Pro-AM-B/W,Mounting Kit,/images/dcs-box.png,1
UACC-Reader-Pro-AM-B/W,Power Cable,/images/dcs-box.png,2
UACC-Reader-Pro-AM-B/W,Quick Start,/images/dcs-box.png,3
UACC-Intercom-SAM,Device,/images/dcs-box.png,0
UACC-Intercom-SAM,Mounting Kit,/images/dcs-box.png,1
UACC-Intercom-SAM,Power Cable,/images/dcs-box.png,2
UACC-Intercom-SAM,Quick Start,/images/dcs-box.png,3
UACC-Intercom-FM,Device,/images/dcs-box.png,0
UACC-Intercom-FM,Mounting Kit,/images/dcs-box.png,1
UACC-Intercom-FM,Power Cable,/images/dcs-box.png,2
UACC-Intercom-FM,Quick Start,/images/dcs-box.png,3
UACC-Intercom-Sunshield,Device,/images/dcs-box.png,0
UACC-Intercom-Sunshield,Mounting Kit,/images/dcs-box.png,1
UACC-Intercom-Sunshield,Power Cable,/images/dcs-box.png,2
UACC-Intercom-Sunshield,Quick Start,/images/dcs-box.png,3
UACC-Intercom-WM,Device,/images/dcs-box.png,0
UACC-Intercom-WM,Mounting Kit,/images/dcs-box.png,1
UACC-Intercom-WM,Power Cable,/images/dcs-box.png,2
UACC-Intercom-WM,Quick Start,/images/dcs-box.png,3
UACC-Intercom-Viewer-TS,Device,/images/dcs-box.png,0
UACC-Intercom-Viewer-TS,Mounting Kit,/images/dcs-box.png,1
UACC-Intercom-Viewer-TS,Power Cable,/images/dcs-box.png,2
UACC-Intercom-Viewer-TS,Quick Start,/images/dcs-box.png,3
UACC-Junction-Utility,Device,/images/dcs-box.png,0
UACC-Junction-Utility,Mounting Kit,/images/dcs-box.png,1
UACC-Junction-Utility,Power Cable,/images/dcs-box.png,2
UACC-Junction-Utility,Quick Start,/images/dcs-box.png,3
UACC-Retrofit-PSU-12V,Device,/images/dcs-box.png,0
UACC-Retrofit-PSU-12V,Mounting Kit,/images/dcs-box.png,1
UACC-Retrofit-PSU-12V,Power Cable,/images/dcs-box.png,2
UACC-Retrofit-PSU-12V,Quick Start,/images/dcs-box.png,3
UA-Button,Device,/images/dcs-box.png,0
UA-Button,Mounting Kit,/images/dcs-box.png,1
UA-Button,Power Cable,/images/dcs-box.png,2
UA-Button,Quick Start,/images/dcs-box.png,3
UACC-DoorCloser,Device,/images/dcs-box.png,0
UACC-DoorCloser,Mounting Kit,/images/dcs-box.png,1
UACC-DoorCloser,Power Cable,/images/dcs-box.png,2
UACC-DoorCloser,Quick Start,/images/dcs-box.png,3
UACC-PanicBar,Device,/images/dcs-box.png,0
UACC-PanicBar,Mounting Kit,/images/dcs-box.png,1
UACC-PanicBar,Power Cable,/images/dcs-box.png,2
UACC-PanicBar,Quick Start,/images/dcs-box.png,3
UA-Lock-Magnetic-270kg,Device,/images/dcs-box.png,0
UA-Lock-Magnetic-270kg,Mounting Kit,/images/dcs-box.png,1
UA-Lock-Magnetic-270kg,Power Cable,/images/dcs-box.png,2
UA-Lock-Magnetic-270kg,Quick Start,/images/dcs-box.png,3
UACC-Lock-Strike-Secure-15mm,Device,/images/dcs-box.png,0
UACC-Lock-Strike-Secure-15mm,Mounting Kit,/images/dcs-box.png,1
UACC-Lock-Strike-Secure-15mm,Power Cable,/images/dcs-box.png,2
UACC-Lock-Strike-Secure-15mm,Quick Start,/images/dcs-box.png,3
UACC-Lock-Strike-Safe-15mm,Device,/images/dcs-box.png,0
UACC-Lock-Strike-Safe-15mm,Mounting Kit,/images/dcs-box.png,1
UACC-Lock-Strike-Safe-15mm,Power Cable,/images/dcs-box.png,2
UACC-Lock-Strike-Safe-15mm,Quick Start,/images/dcs-box.png,3
UACC-Cable-DoorLockRelay-1P,Device,/images/dcs-box.png,0
UACC-Cable-DoorLockRelay-1P,Mounting Kit,/images/dcs-box.png,1
UACC-Cable-DoorLockRelay-1P,Power Cable,/images/dcs-box.png,2
UACC-Cable-DoorLockRelay-1P,Quick Start,/images/dcs-box.png,3
UACC-Cable-DoorLockRelay-2P,Device,/images/dcs-box.png,0
UACC-Cable-DoorLockRelay-2P,Mounting Kit,/images/dcs-box.png,1
UACC-Cable-DoorLockRelay-2P,Power Cable,/images/dcs-box.png,2
UACC-Cable-DoorLockRelay-2P,Quick Start,/images/dcs-box.png,3
UA-Pocket,Device,/images/dcs-box.png,0
UA-Pocket,Mounting Kit,/images/dcs-box.png,1
UA-Pocket,Power Cable,/images/dcs-box.png,2
UA-Pocket,Quick Start,/images/dcs-box.png,3
UA-Rescue,Device,/images/dcs-box.png,0
UA-Rescue,Mounting Kit,/images/dcs-box.png,1
UA-Rescue,Power Cable,/images/dcs-box.png,2
UA-Rescue,Quick Start,/images/dcs-box.png,3
UNAS-Pro-8,Device,/images/dcs-box.png,0
UNAS-Pro-8,Mounting Kit,/images/dcs-box.png,1
UNAS-Pro-8,Power Cable,/images/dcs-box.png,2
UNAS-Pro-8,Quick Start,/images/dcs-box.png,3
UNAS-Pro-4,Device,/images/dcs-box.png,0
UNAS-Pro-4,Mounting Kit,/images/dcs-box.png,1
UNAS-Pro-4,Power Cable,/images/dcs-box.png,2
UNAS-Pro-4,Quick Start,/images/dcs-box.png,3
UNAS-Pro,Device,/images/dcs-box.png,0
UNAS-Pro,Mounting Kit,/images/dcs-box.png,1
UNAS-Pro,Power Cable,/images/dcs-box.png,2
UNAS-Pro,Quick Start,/images/dcs-box.png,3
UNAS-2-B/W,Device,/images/dcs-box.png,0
UNAS-2-B/W,Mounting Kit,/images/dcs-box.png,1
UNAS-2-B/W,Power Cable,/images/dcs-box.png,2
UNAS-2-B/W,Quick Start,/images/dcs-box.png,3
UNAS-4-B/W,Device,/images/dcs-box.png,0
UNAS-4-B/W,Mounting Kit,/images/dcs-box.png,1
UNAS-4-B/W,Power Cable,/images/dcs-box.png,2
UNAS-4-B/W,Quick Start,/images/dcs-box.png,3
UPS-2U,Device,/images/dcs-box.png,0
UPS-2U,Mounting Kit,/images/dcs-box.png,1
UPS-2U,Power Cable,/images/dcs-box.png,2
UPS-2U,Quick Start,/images/dcs-box.png,3
UPS-Tower,Device,/images/dcs-box.png,0
UPS-Tower,Mounting Kit,/images/dcs-box.png,1
UPS-Tower,Power Cable,/images/dcs-box.png,2
UPS-Tower,Quick Start,/images/dcs-box.png,3
USW-Mission-Critical(120W),Device,/images/dcs-box.png,0
USW-Mission-Critical(120W),Mounting Kit,/images/dcs-box.png,1
USW-Mission-Critical(120W),Power Cable,/images/dcs-box.png,2
USW-Mission-Critical(120W),Quick Start,/images/dcs-box.png,3
USP-RPS,Device,/images/dcs-box.png,0
USP-RPS,Mounting Kit,/images/dcs-box.png,1
USP-RPS,Power Cable,/images/dcs-box.png,2
USP-RPS,Quick Start,/images/dcs-box.png,3
USP-PDU-Pro,Device,/images/dcs-box.png,0
USP-PDU-Pro,Mounting Kit,/images/dcs-box.png,1
USP-PDU-Pro,Power Cable,/images/dcs-box.png,2
USP-PDU-Pro,Quick Start,/images/dcs-box.png,3
USP-PDU-HD,Device,/images/dcs-box.png,0
USP-PDU-HD,Mounting Kit,/images/dcs-box.png,1
USP-PDU-HD,Power Cable,/images/dcs-box.png,2
USP-PDU-HD,Quick Start,/images/dcs-box.png,3
U5G-Max,Device,/images/dcs-box.png,0
U5G-Max,Mounting Kit,/images/dcs-box.png,1
U5G-Max,Power Cable,/images/dcs-box.png,2
U5G-Max,Quick Start,/images/dcs-box.png,3
U5G-Max-Outdoor,Device,/images/dcs-box.png,0
U5G-Max-Outdoor,Mounting Kit,/images/dcs-box.png,1
U5G-Max-Outdoor,Power Cable,/images/dcs-box.png,2
U5G-Max-Outdoor,Quick Start,/images/dcs-box.png,3
UMR-Industrial,Device,/images/dcs-box.png,0
UMR-Industrial,Mounting Kit,/images/dcs-box.png,1
UMR-Industrial,Power Cable,/images/dcs-box.png,2
UMR-Industrial,Quick Start,/images/dcs-box.png,3
UMR-Ultra,Device,/images/dcs-box.png,0
UMR-Ultra,Mounting Kit,/images/dcs-box.png,1
UMR-Ultra,Power Cable,/images/dcs-box.png,2
UMR-Ultra,Quick Start,/images/dcs-box.png,3
UMR,Device,/images/dcs-box.png,0
UMR,Mounting Kit,/images/dcs-box.png,1
UMR,Power Cable,/images/dcs-box.png,2
UMR,Quick Start,/images/dcs-box.png,3
U-LTE,Device,/images/dcs-box.png,0
U-LTE,Mounting Kit,/images/dcs-box.png,1
U-LTE,Power Cable,/images/dcs-box.png,2
U-LTE,Quick Start,/images/dcs-box.png,3
U-LTE-Backup Pro,Device,/images/dcs-box.png,0
U-LTE-Backup Pro,Mounting Kit,/images/dcs-box.png,1
U-LTE-Backup Pro,Power Cable,/images/dcs-box.png,2
U-LTE-Backup Pro,Quick Start,/images/dcs-box.png,3
UTP-G3-Touch-Enterprise,Device,/images/dcs-box.png,0
UTP-G3-Touch-Enterprise,Mounting Kit,/images/dcs-box.png,1
UTP-G3-Touch-Enterprise,Power Cable,/images/dcs-box.png,2
UTP-G3-Touch-Enterprise,Quick Start,/images/dcs-box.png,3
UTP-G3-Touch-Pro,Device,/images/dcs-box.png,0
UTP-G3-Touch-Pro,Mounting Kit,/images/dcs-box.png,1
UTP-G3-Touch-Pro,Power Cable,/images/dcs-box.png,2
UTP-G3-Touch-Pro,Quick Start,/images/dcs-box.png,3
UTP-G3-Touch-Wall,Device,/images/dcs-box.png,0
UTP-G3-Touch-Wall,Mounting Kit,/images/dcs-box.png,1
UTP-G3-Touch-Wall,Power Cable,/images/dcs-box.png,2
UTP-G3-Touch-Wall,Quick Start,/images/dcs-box.png,3
UTP-TouchMax-B/W,Device,/images/dcs-box.png,0
UTP-TouchMax-B/W,Mounting Kit,/images/dcs-box.png,1
UTP-TouchMax-B/W,Power Cable,/images/dcs-box.png,2
UTP-TouchMax-B/W,Quick Start,/images/dcs-box.png,3
UTP-Touch-B/W,Device,/images/dcs-box.png,0
UTP-Touch-B/W,Mounting Kit,/images/dcs-box.png,1
UTP-Touch-B/W,Power Cable,/images/dcs-box.png,2
UTP-Touch-B/W,Quick Start,/images/dcs-box.png,3
UT-G3-Handset,Device,/images/dcs-box.png,0
UT-G3-Handset,Mounting Kit,/images/dcs-box.png,1
UT-G3-Handset,Power Cable,/images/dcs-box.png,2
UT-G3-Handset,Quick Start,/images/dcs-box.png,3
UT-ATA,Device,/images/dcs-box.png,0
UT-ATA,Mounting Kit,/images/dcs-box.png,1
UT-ATA,Power Cable,/images/dcs-box.png,2
UT-ATA,Quick Start,/images/dcs-box.png,3
UC-EV-Station-Pro,Device,/images/dcs-box.png,0
UC-EV-Station-Pro,Mounting Kit,/images/dcs-box.png,1
UC-EV-Station-Pro,Power Cable,/images/dcs-box.png,2
UC-EV-Station-Pro,Quick Start,/images/dcs-box.png,3
UC-EV-Station-Lite,Device,/images/dcs-box.png,0
UC-EV-Station-Lite,Mounting Kit,/images/dcs-box.png,1
UC-EV-Station-Lite,Power Cable,/images/dcs-box.png,2
UC-EV-Station-Lite,Quick Start,/images/dcs-box.png,3
UPL-Amp-B/W,Device,/images/dcs-box.png,0
UPL-Amp-B/W,Mounting Kit,/images/dcs-box.png,1
UPL-Amp-B/W,Power Cable,/images/dcs-box.png,2
UPL-Amp-B/W,Quick Start,/images/dcs-box.png,3
UPL-Port-B/W,Device,/images/dcs-box.png,0
UPL-Port-B/W,Mounting Kit,/images/dcs-box.png,1
UPL-Port-B/W,Power Cable,/images/dcs-box.png,2
UPL-Port-B/W,Quick Start,/images/dcs-box.png,3
UC-Cast-Pro,Device,/images/dcs-box.png,0
UC-Cast-Pro,Mounting Kit,/images/dcs-box.png,1
UC-Cast-Pro,Power Cable,/images/dcs-box.png,2
UC-Cast-Pro,Quick Start,/images/dcs-box.png,3
UC-Cast-Lite,Device,/images/dcs-box.png,0
UC-Cast-Lite,Mounting Kit,/images/dcs-box.png,1
UC-Cast-Lite,Power Cable,/images/dcs-box.png,2
UC-Cast-Lite,Quick Start,/images/dcs-box.png,3
ECS-Aggregation,Device,/images/dcs-box.png,0
ECS-Aggregation,Mounting Kit,/images/dcs-box.png,1
ECS-Aggregation,Power Cable,/images/dcs-box.png,2
ECS-Aggregation,Quick Start,/images/dcs-box.png,3
USW-Pro-XG-Aggregation,Device,/images/dcs-box.png,0
USW-Pro-XG-Aggregation,Mounting Kit,/images/dcs-box.png,1
USW-Pro-XG-Aggregation,Power Cable,/images/dcs-box.png,2
USW-Pro-XG-Aggregation,Quick Start,/images/dcs-box.png,3
USW-Pro-Aggregation,Device,/images/dcs-box.png,0
USW-Pro-Aggregation,Mounting Kit,/images/dcs-box.png,1
USW-Pro-Aggregation,Power Cable,/images/dcs-box.png,2
USW-Pro-Aggregation,Quick Start,/images/dcs-box.png,3
USW-Aggregation,Device,/images/dcs-box.png,0
USW-Aggregation,Mounting Kit,/images/dcs-box.png,1
USW-Aggregation,Power Cable,/images/dcs-box.png,2
USW-Aggregation,Quick Start,/images/dcs-box.png,3
ECS-48-PoE(2150W),Device,/images/dcs-box.png,0
ECS-48-PoE(2150W),Mounting Kit,/images/dcs-box.png,1
ECS-48-PoE(2150W),Power Cable,/images/dcs-box.png,2
ECS-48-PoE(2150W),Quick Start,/images/dcs-box.png,3
ECS-24-PoE(1050W),Device,/images/dcs-box.png,0
ECS-24-PoE(1050W),Mounting Kit,/images/dcs-box.png,1
ECS-24-PoE(1050W),Power Cable,/images/dcs-box.png,2
ECS-24-PoE(1050W),Quick Start,/images/dcs-box.png,3
ECS-48S-PoE(2150W),Device,/images/dcs-box.png,0
ECS-48S-PoE(2150W),Mounting Kit,/images/dcs-box.png,1
ECS-48S-PoE(2150W),Power Cable,/images/dcs-box.png,2
ECS-48S-PoE(2150W),Quick Start,/images/dcs-box.png,3
ECS-24S-PoE(1050W),Device,/images/dcs-box.png,0
ECS-24S-PoE(1050W),Mounting Kit,/images/dcs-box.png,1
ECS-24S-PoE(1050W),Power Cable,/images/dcs-box.png,2
ECS-24S-PoE(1050W),Quick Start,/images/dcs-box.png,3
ECS-Aggregation,Device,/images/dcs-box.png,0
ECS-Aggregation,Mounting Kit,/images/dcs-box.png,1
ECS-Aggregation,Power Cable,/images/dcs-box.png,2
ECS-Aggregation,Quick Start,/images/dcs-box.png,3
USW-Pro-Max-48-PoE(720W),Device,/images/dcs-box.png,0
USW-Pro-Max-48-PoE(720W),Mounting Kit,/images/dcs-box.png,1
USW-Pro-Max-48-PoE(720W),Power Cable,/images/dcs-box.png,2
USW-Pro-Max-48-PoE(720W),Quick Start,/images/dcs-box.png,3
USW-Pro-Max-24-PoE(400W),Device,/images/dcs-box.png,0
USW-Pro-Max-24-PoE(400W),Mounting Kit,/images/dcs-box.png,1
USW-Pro-Max-24-PoE(400W),Power Cable,/images/dcs-box.png,2
USW-Pro-Max-24-PoE(400W),Quick Start,/images/dcs-box.png,3
USW-Pro-XG-48-PoE(1080),Device,/images/dcs-box.png,0
USW-Pro-XG-48-PoE(1080),Mounting Kit,/images/dcs-box.png,1
USW-Pro-XG-48-PoE(1080),Power Cable,/images/dcs-box.png,2
USW-Pro-XG-48-PoE(1080),Quick Start,/images/dcs-box.png,3
USW-Pro-XG-24-PoE(720W),Device,/images/dcs-box.png,0
USW-Pro-XG-24-PoE(720W),Mounting Kit,/images/dcs-box.png,1
USW-Pro-XG-24-PoE(720W),Power Cable,/images/dcs-box.png,2
USW-Pro-XG-24-PoE(720W),Quick Start,/images/dcs-box.png,3
USW-Pro-HD-24-PoE(600W),Device,/images/dcs-box.png,0
USW-Pro-HD-24-PoE(600W),Mounting Kit,/images/dcs-box.png,1
USW-Pro-HD-24-PoE(600W),Power Cable,/images/dcs-box.png,2
USW-Pro-HD-24-PoE(600W),Quick Start,/images/dcs-box.png,3
USW-Pro-XG-48,Device,/images/dcs-box.png,0
USW-Pro-XG-48,Mounting Kit,/images/dcs-box.png,1
USW-Pro-XG-48,Power Cable,/images/dcs-box.png,2
USW-Pro-XG-48,Quick Start,/images/dcs-box.png,3
USW-Pro-XG-24,Device,/images/dcs-box.png,0
USW-Pro-XG-24,Mounting Kit,/images/dcs-box.png,1
USW-Pro-XG-24,Power Cable,/images/dcs-box.png,2
USW-Pro-XG-24,Quick Start,/images/dcs-box.png,3
USW-Pro-XG-10-PoE(400W),Device,/images/dcs-box.png,0
USW-Pro-XG-10-PoE(400W),Mounting Kit,/images/dcs-box.png,1
USW-Pro-XG-10-PoE(400W),Power Cable,/images/dcs-box.png,2
USW-Pro-XG-10-PoE(400W),Quick Start,/images/dcs-box.png,3
USW-Pro-Max-16-PoE(180W),Device,/images/dcs-box.png,0
USW-Pro-Max-16-PoE(180W),Mounting Kit,/images/dcs-box.png,1
USW-Pro-Max-16-PoE(180W),Power Cable,/images/dcs-box.png,2
USW-Pro-Max-16-PoE(180W),Quick Start,/images/dcs-box.png,3
USW-Pro-HD-24,Device,/images/dcs-box.png,0
USW-Pro-HD-24,Mounting Kit,/images/dcs-box.png,1
USW-Pro-HD-24,Power Cable,/images/dcs-box.png,2
USW-Pro-HD-24,Quick Start,/images/dcs-box.png,3
USW-Pro-Max-48,Device,/images/dcs-box.png,0
USW-Pro-Max-48,Mounting Kit,/images/dcs-box.png,1
USW-Pro-Max-48,Power Cable,/images/dcs-box.png,2
USW-Pro-Max-48,Quick Start,/images/dcs-box.png,3
USW-Pro-Max-24,Device,/images/dcs-box.png,0
USW-Pro-Max-24,Mounting Kit,/images/dcs-box.png,1
USW-Pro-Max-24,Power Cable,/images/dcs-box.png,2
USW-Pro-Max-24,Quick Start,/images/dcs-box.png,3
USW-Pro-Max-16,Device,/images/dcs-box.png,0
USW-Pro-Max-16,Mounting Kit,/images/dcs-box.png,1
USW-Pro-Max-16,Power Cable,/images/dcs-box.png,2
USW-Pro-Max-16,Quick Start,/images/dcs-box.png,3
USW-Pro-48-PoE(600W),Device,/images/dcs-box.png,0
USW-Pro-48-PoE(600W),Mounting Kit,/images/dcs-box.png,1
USW-Pro-48-PoE(600W),Power Cable,/images/dcs-box.png,2
USW-Pro-48-PoE(600W),Quick Start,/images/dcs-box.png,3
USW-Pro-24-PoE(400W),Device,/images/dcs-box.png,0
USW-Pro-24-PoE(400W),Mounting Kit,/images/dcs-box.png,1
USW-Pro-24-PoE(400W),Power Cable,/images/dcs-box.png,2
USW-Pro-24-PoE(400W),Quick Start,/images/dcs-box.png,3
USW-Pro-48,Device,/images/dcs-box.png,0
USW-Pro-48,Mounting Kit,/images/dcs-box.png,1
USW-Pro-48,Power Cable,/images/dcs-box.png,2
USW-Pro-48,Quick Start,/images/dcs-box.png,3
USW-Pro-24,Device,/images/dcs-box.png,0
USW-Pro-24,Mounting Kit,/images/dcs-box.png,1
USW-Pro-24,Power Cable,/images/dcs-box.png,2
USW-Pro-24,Quick Start,/images/dcs-box.png,3
USW-Enterprise-48-PoE(720W),Device,/images/dcs-box.png,0
USW-Enterprise-48-PoE(720W),Mounting Kit,/images/dcs-box.png,1
USW-Enterprise-48-PoE(720W),Power Cable,/images/dcs-box.png,2
USW-Enterprise-48-PoE(720W),Quick Start,/images/dcs-box.png,3
USW-Enterprise-24-PoE(400W),Device,/images/dcs-box.png,0
USW-Enterprise-24-PoE(400W),Mounting Kit,/images/dcs-box.png,1
USW-Enterprise-24-PoE(400W),Power Cable,/images/dcs-box.png,2
USW-Enterprise-24-PoE(400W),Quick Start,/images/dcs-box.png,3
USW-Mission-Critical-(120W),Device,/images/dcs-box.png,0
USW-Mission-Critical-(120W),Mounting Kit,/images/dcs-box.png,1
USW-Mission-Critical-(120W),Power Cable,/images/dcs-box.png,2
USW-Mission-Critical-(120W),Quick Start,/images/dcs-box.png,3
USW-48-PoE(195W),Device,/images/dcs-box.png,0
USW-48-PoE(195W),Mounting Kit,/images/dcs-box.png,1
USW-48-PoE(195W),Power Cable,/images/dcs-box.png,2
USW-48-PoE(195W),Quick Start,/images/dcs-box.png,3
USW-24-PoE(95W),Device,/images/dcs-box.png,0
USW-24-PoE(95W),Mounting Kit,/images/dcs-box.png,1
USW-24-PoE(95W),Power Cable,/images/dcs-box.png,2
USW-24-PoE(95W),Quick Start,/images/dcs-box.png,3
USW-16-PoE(42W),Device,/images/dcs-box.png,0
USW-16-PoE(42W),Mounting Kit,/images/dcs-box.png,1
USW-16-PoE(42W),Power Cable,/images/dcs-box.png,2
USW-16-PoE(42W),Quick Start,/images/dcs-box.png,3
USW-48,Device,/images/dcs-box.png,0
USW-48,Mounting Kit,/images/dcs-box.png,1
USW-48,Power Cable,/images/dcs-box.png,2
USW-48,Quick Start,/images/dcs-box.png,3
USW-24,Device,/images/dcs-box.png,0
USW-24,Mounting Kit,/images/dcs-box.png,1
USW-24,Power Cable,/images/dcs-box.png,2
USW-24,Quick Start,/images/dcs-box.png,3
USW-WAN,Device,/images/dcs-box.png,0
USW-WAN,Mounting Kit,/images/dcs-box.png,1
USW-WAN,Power Cable,/images/dcs-box.png,2
USW-WAN,Quick Start,/images/dcs-box.png,3
USW-WAN-RJ45,Device,/images/dcs-box.png,0
USW-WAN-RJ45,Mounting Kit,/images/dcs-box.png,1
USW-WAN-RJ45,Power Cable,/images/dcs-box.png,2
USW-WAN-RJ45,Quick Start,/images/dcs-box.png,3
USW-Lite-16-PoE(45W),Device,/images/dcs-box.png,0
USW-Lite-16-PoE(45W),Mounting Kit,/images/dcs-box.png,1
USW-Lite-16-PoE(45W),Power Cable,/images/dcs-box.png,2
USW-Lite-16-PoE(45W),Quick Start,/images/dcs-box.png,3
USW-Lite-8-PoE(52W),Device,/images/dcs-box.png,0
USW-Lite-8-PoE(52W),Mounting Kit,/images/dcs-box.png,1
USW-Lite-8-PoE(52W),Power Cable,/images/dcs-box.png,2
USW-Lite-8-PoE(52W),Quick Start,/images/dcs-box.png,3
USW-Pro-XG-8-PoE(155W),Device,/images/dcs-box.png,0
USW-Pro-XG-8-PoE(155W),Mounting Kit,/images/dcs-box.png,1
USW-Pro-XG-8-PoE(155W),Power Cable,/images/dcs-box.png,2
USW-Pro-XG-8-PoE(155W),Quick Start,/images/dcs-box.png,3
USW-Enterprise-8-PoE(120W),Device,/images/dcs-box.png,0
USW-Enterprise-8-PoE(120W),Mounting Kit,/images/dcs-box.png,1
USW-Enterprise-8-PoE(120W),Power Cable,/images/dcs-box.png,2
USW-Enterprise-8-PoE(120W),Quick Start,/images/dcs-box.png,3
USW-Pro-8-PoE(120W),Device,/images/dcs-box.png,0
USW-Pro-8-PoE(120W),Mounting Kit,/images/dcs-box.png,1
USW-Pro-8-PoE(120W),Power Cable,/images/dcs-box.png,2
USW-Pro-8-PoE(120W),Quick Start,/images/dcs-box.png,3
USW-Ultra-210W(202W),Device,/images/dcs-box.png,0
USW-Ultra-210W(202W),Mounting Kit,/images/dcs-box.png,1
USW-Ultra-210W(202W),Power Cable,/images/dcs-box.png,2
USW-Ultra-210W(202W),Quick Start,/images/dcs-box.png,3
USW-Ultra-60W(52W),Device,/images/dcs-box.png,0
USW-Ultra-60W(52W),Mounting Kit,/images/dcs-box.png,1
USW-Ultra-60W(52W),Power Cable,/images/dcs-box.png,2
USW-Ultra-60W(52W),Quick Start,/images/dcs-box.png,3
USW-Ultra(42W),Device,/images/dcs-box.png,0
USW-Ultra(42W),Mounting Kit,/images/dcs-box.png,1
USW-Ultra(42W),Power Cable,/images/dcs-box.png,2
USW-Ultra(42W),Quick Start,/images/dcs-box.png,3
USW-Flex-2.5G-8-PoE(196W),Device,/images/dcs-box.png,0
USW-Flex-2.5G-8-PoE(196W),Mounting Kit,/images/dcs-box.png,1
USW-Flex-2.5G-8-PoE(196W),Power Cable,/images/dcs-box.png,2
USW-Flex-2.5G-8-PoE(196W),Quick Start,/images/dcs-box.png,3
USW-Flex-2.5G-8,Device,/images/dcs-box.png,0
USW-Flex-2.5G-8,Mounting Kit,/images/dcs-box.png,1
USW-Flex-2.5G-8,Power Cable,/images/dcs-box.png,2
USW-Flex-2.5G-8,Quick Start,/images/dcs-box.png,3
USW-Flex-2.5G-5,Device,/images/dcs-box.png,0
USW-Flex-2.5G-5,Mounting Kit,/images/dcs-box.png,1
USW-Flex-2.5G-5,Power Cable,/images/dcs-box.png,2
USW-Flex-2.5G-5,Quick Start,/images/dcs-box.png,3
USW-Flex-Mini,Device,/images/dcs-box.png,0
USW-Flex-Mini,Mounting Kit,/images/dcs-box.png,1
USW-Flex-Mini,Power Cable,/images/dcs-box.png,2
USW-Flex-Mini,Quick Start,/images/dcs-box.png,3
USW-Flex(46W),Device,/images/dcs-box.png,0
USW-Flex(46W),Mounting Kit,/images/dcs-box.png,1
USW-Flex(46W),Power Cable,/images/dcs-box.png,2
USW-Flex(46W),Quick Start,/images/dcs-box.png,3
USW-Flex-Utility,Device,/images/dcs-box.png,0
USW-Flex-Utility,Mounting Kit,/images/dcs-box.png,1
USW-Flex-Utility,Power Cable,/images/dcs-box.png,2
USW-Flex-Utility,Quick Start,/images/dcs-box.png,3
UACC-Flex-Utility-Pro,Device,/images/dcs-box.png,0
UACC-Flex-Utility-Pro,Mounting Kit,/images/dcs-box.png,1
UACC-Flex-Utility-Pro,Power Cable,/images/dcs-box.png,2
UACC-Flex-Utility-Pro,Quick Start,/images/dcs-box.png,3
USW-Flex-XG,Device,/images/dcs-box.png,0
USW-Flex-XG,Mounting Kit,/images/dcs-box.png,1
USW-Flex-XG,Power Cable,/images/dcs-box.png,2
USW-Flex-XG,Quick Start,/images/dcs-box.png,3
E7,Device,/images/dcs-box.png,0
E7,Mounting Kit,/images/dcs-box.png,1
E7,Power Cable,/images/dcs-box.png,2
E7,Quick Start,/images/dcs-box.png,3
E7-Campus,Device,/images/dcs-box.png,0
E7-Campus,Mounting Kit,/images/dcs-box.png,1
E7-Campus,Power Cable,/images/dcs-box.png,2
E7-Campus,Quick Start,/images/dcs-box.png,3
E7-Audience,Device,/images/dcs-box.png,0
E7-Audience,Mounting Kit,/images/dcs-box.png,1
E7-Audience,Power Cable,/images/dcs-box.png,2
E7-Audience,Quick Start,/images/dcs-box.png,3
U7-Pro-XGS,Device,/images/dcs-box.png,0
U7-Pro-XGS,Mounting Kit,/images/dcs-box.png,1
U7-Pro-XGS,Power Cable,/images/dcs-box.png,2
U7-Pro-XGS,Quick Start,/images/dcs-box.png,3
U7-Pro-XG,Device,/images/dcs-box.png,0
U7-Pro-XG,Mounting Kit,/images/dcs-box.png,1
U7-Pro-XG,Power Cable,/images/dcs-box.png,2
U7-Pro-XG,Quick Start,/images/dcs-box.png,3
U7-Pro-Max,Device,/images/dcs-box.png,0
U7-Pro-Max,Mounting Kit,/images/dcs-box.png,1
U7-Pro-Max,Power Cable,/images/dcs-box.png,2
U7-Pro-Max,Quick Start,/images/dcs-box.png,3
U7-Pr0,Device,/images/dcs-box.png,0
U7-Pr0,Mounting Kit,/images/dcs-box.png,1
U7-Pr0,Power Cable,/images/dcs-box.png,2
U7-Pr0,Quick Start,/images/dcs-box.png,3
U7-LR,Device,/images/dcs-box.png,0
U7-LR,Mounting Kit,/images/dcs-box.png,1
U7-LR,Power Cable,/images/dcs-box.png,2
U7-LR,Quick Start,/images/dcs-box.png,3
U7-Lite,Device,/images/dcs-box.png,0
U7-Lite,Mounting Kit,/images/dcs-box.png,1
U7-Lite,Power Cable,/images/dcs-box.png,2
U7-Lite,Quick Start,/images/dcs-box.png,3
U6-Enterprise,Device,/images/dcs-box.png,0
U6-Enterprise,Mounting Kit,/images/dcs-box.png,1
U6-Enterprise,Power Cable,/images/dcs-box.png,2
U6-Enterprise,Quick Start,/images/dcs-box.png,3
U6-Pro,Device,/images/dcs-box.png,0
U6-Pro,Mounting Kit,/images/dcs-box.png,1
U6-Pro,Power Cable,/images/dcs-box.png,2
U6-Pro,Quick Start,/images/dcs-box.png,3
U6-PLUS,Device,/images/dcs-box.png,0
U6-PLUS,Mounting Kit,/images/dcs-box.png,1
U6-PLUS,Power Cable,/images/dcs-box.png,2
U6-PLUS,Quick Start,/images/dcs-box.png,3
UAP-AC-PRO,Device,/images/dcs-box.png,0
UAP-AC-PRO,Mounting Kit,/images/dcs-box.png,1
UAP-AC-PRO,Power Cable,/images/dcs-box.png,2
UAP-AC-PRO,Quick Start,/images/dcs-box.png,3
U7-Pro-XG-Wall,Device,/images/dcs-box.png,0
U7-Pro-XG-Wall,Mounting Kit,/images/dcs-box.png,1
U7-Pro-XG-Wall,Power Cable,/images/dcs-box.png,2
U7-Pro-XG-Wall,Quick Start,/images/dcs-box.png,3
U7-Pro-Wall,Device,/images/dcs-box.png,0
U7-Pro-Wall,Mounting Kit,/images/dcs-box.png,1
U7-Pro-Wall,Power Cable,/images/dcs-box.png,2
U7-Pro-Wall,Quick Start,/images/dcs-box.png,3
U7-IW,Device,/images/dcs-box.png,0
U7-IW,Mounting Kit,/images/dcs-box.png,1
U7-IW,Power Cable,/images/dcs-box.png,2
U7-IW,Quick Start,/images/dcs-box.png,3
U6-Enterprise-IW,Device,/images/dcs-box.png,0
U6-Enterprise-IW,Mounting Kit,/images/dcs-box.png,1
U6-Enterprise-IW,Power Cable,/images/dcs-box.png,2
U6-Enterprise-IW,Quick Start,/images/dcs-box.png,3
U6-IW,Device,/images/dcs-box.png,0
U6-IW,Mounting Kit,/images/dcs-box.png,1
U6-IW,Power Cable,/images/dcs-box.png,2
U6-IW,Quick Start,/images/dcs-box.png,3
U6-Extender,Device,/images/dcs-box.png,0
U6-Extender,Mounting Kit,/images/dcs-box.png,1
U6-Extender,Power Cable,/images/dcs-box.png,2
U6-Extender,Quick Start,/images/dcs-box.png,3
U7-Pro-Outdoor,Device,/images/dcs-box.png,0
U7-Pro-Outdoor,Mounting Kit,/images/dcs-box.png,1
U7-Pro-Outdoor,Power Cable,/images/dcs-box.png,2
U7-Pro-Outdoor,Quick Start,/images/dcs-box.png,3
U7-Outdoor,Device,/images/dcs-box.png,0
U7-Outdoor,Mounting Kit,/images/dcs-box.png,1
U7-Outdoor,Power Cable,/images/dcs-box.png,2
U7-Outdoor,Quick Start,/images/dcs-box.png,3
U6-Mesh,Device,/images/dcs-box.png,0
U6-Mesh,Mounting Kit,/images/dcs-box.png,1
U6-Mesh,Power Cable,/images/dcs-box.png,2
U6-Mesh,Quick Start,/images/dcs-box.png,3
U6-Mesh-Pro,Device,/images/dcs-box.png,0
U6-Mesh-Pro,Mounting Kit,/images/dcs-box.png,1
U6-Mesh-Pro,Power Cable,/images/dcs-box.png,2
U6-Mesh-Pro,Quick Start,/images/dcs-box.png,3
AC Mesh,Device,/images/dcs-box.png,0
AC Mesh,Mounting Kit,/images/dcs-box.png,1
AC Mesh,Power Cable,/images/dcs-box.png,2
AC Mesh,Quick Start,/images/dcs-box.png,3
UK-Ultra,Device,/images/dcs-box.png,0
UK-Ultra,Mounting Kit,/images/dcs-box.png,1
UK-Ultra,Power Cable,/images/dcs-box.png,2
UK-Ultra,Quick Start,/images/dcs-box.png,3
Product Collection,Device,/images/dcs-box.png,0
Product Collection,Mounting Kit,/images/dcs-box.png,1
Product Collection,Power Cable,/images/dcs-box.png,2
Product Collection,Quick Start,/images/dcs-box.png,3
UWB-XG,Device,/images/dcs-box.png,0
UWB-XG,Mounting Kit,/images/dcs-box.png,1
UWB-XG,Power Cable,/images/dcs-box.png,2
UWB-XG,Quick Start,/images/dcs-box.png,3
UDB-Pro-Sector,Device,/images/dcs-box.png,0
UDB-Pro-Sector,Mounting Kit,/images/dcs-box.png,1
UDB-Pro-Sector,Power Cable,/images/dcs-box.png,2
UDB-Pro-Sector,Quick Start,/images/dcs-box.png,3
UDB-Pro,Device,/images/dcs-box.png,0
UDB-Pro,Mounting Kit,/images/dcs-box.png,1
UDB-Pro,Power Cable,/images/dcs-box.png,2
UDB-Pro,Quick Start,/images/dcs-box.png,3
UDB,Device,/images/dcs-box.png,0
UDB,Mounting Kit,/images/dcs-box.png,1
UDB,Power Cable,/images/dcs-box.png,2
UDB,Quick Start,/images/dcs-box.png,3
UBB,Device,/images/dcs-box.png,0
UBB,Mounting Kit,/images/dcs-box.png,1
UBB,Power Cable,/images/dcs-box.png,2
UBB,Quick Start,/images/dcs-box.png,3
UDB-Switch(35W),Device,/images/dcs-box.png,0
UDB-Switch(35W),Mounting Kit,/images/dcs-box.png,1
UDB-Switch(35W),Power Cable,/images/dcs-box.png,2
UDB-Switch(35W),Quick Start,/images/dcs-box.png,3
UBB-XG,Device,/images/dcs-box.png,0
UBB-XG,Mounting Kit,/images/dcs-box.png,1
UBB-XG,Power Cable,/images/dcs-box.png,2
UBB-XG,Quick Start,/images/dcs-box.png,3
UDB-IoT,Device,/images/dcs-box.png,0
UDB-IoT,Mounting Kit,/images/dcs-box.png,1
UDB-IoT,Power Cable,/images/dcs-box.png,2
UDB-IoT,Quick Start,/images/dcs-box.png,3
UTR,Device,/images/dcs-box.png,0
UTR,Mounting Kit,/images/dcs-box.png,1
UTR,Power Cable,/images/dcs-box.png,2
UTR,Quick Start,/images/dcs-box.png,3