id,name,category,subfilter,image,short_description,is_new,sku
U-Cable-Patch-RJ45-Indoor,UniFi Patch Cable Indoor,Accessories,RJ45 & Copper,/images/camera.jpg,"Ultra-thin patch cable with GbE support and flexible, bendable boots for enhanced installation versatility.",0,U-Cable-Patch-RJ45-Indoor
U-Cable-Patch-RJ45-Outdoor,UniFi Patch Cable Outdoor,Accessories,RJ45 & Copper,/images/camera.jpg,"Rugged, outdoor patch cable designed to function in the harshest environments.",0,U-Cable-Patch-RJ45-Outdoor
UACC-Cable-Patch-EL-0.15M-W,UniFi etherlighting Patch Cable,Accessories,RJ45 & Copper,/images/camera.jpg,"Nano-thin patch cable with 10 GbE support, designed to showcase Etherlighting™ effects.",0,UACC-Cable-Patch-EL-0.15M-W
ENVR,Enterprise NVR,Camera Security,NVRs and Edge Devices,/images/camera.jpg,"3U NVR with (16) 2.5/3.5' drive bays, supporting up to (70) 4K cameras or (210) FUll HD cameras.",0,ENVR
UNVR-Pro,Network Video Recorder Pro,Camera Security,NVRs and Edge Devices,/images/camera.jpg,A 2U-sized video recorder with (7) 2.5/3.5' HDD bays that can provide up to 60 days of storage for (24) 4K cameras or (70) Full HD cameras.,0,UNVR-PRO
UNVR,Network Video Recorder ,Camera Security,NVRs and Edge Devices,/images/camera.jpg,A video recorder with (4) 2.5/3.5' HDD bays that can support up to 30 days of storage for (18) 4k cameras or (60) Full HD cameras.,0,UNVR
UNVR-Instant,Network Video Recorder Instant,Camera Security,NVRs and Edge Devices,/images/camera.jpg,"Compact UniFi Protect NVR with 3.5' HDD support, featuring an integrated 6-port PoE switch, integrated HDMI View Port, and a capacity for (6) 4K cameras or (15) Full HD cameras.",0,UNVR-INSTANT
UNVR-Instant-Kit,Network Video Recorder Instant Kit,Camera Security,NVRs and Edge Devices,/images/camera.jpg,"Compact UniFi Protect NVR Kit, includes (1) UniFi Protect NVR Instant with (4) G5 Turret Ultra cameras and (1) 1TB HDD, delivering an all-in-one solution for fast and effortless setup.",0,UNVR-INSTANT-KIT
AI-Key,AI Key,Camera Security,NVRs and Edge Devices,/images/camera.jpg,"Edge AI appliance that enhances any UniFi Protect deployment with proactive, AI-driven threat detection and alerting, capable of analyzing up to 1,800 smart detection events per hour.",0,AI-KEY
UP-AI-Port,AI Port,Camera Security,NVRs and Edge Devices,/images/camera.jpg,"AI appliance that enhances any UniFI or third-party camera with AI detection, classification, and recognition capabilites.",0,UP-AI-PORT
UP-Viewport,Protect Viewport,Camera Security,NVRs and Edge Devices,/images/camera.jpg,Easy-to-use hub for viewing Protect camera feeds on an HDMI display.,0,UP-VIEWPORT
UCK-G2-SSD,CloudKey+,Camera Security,NVRs and Edge Devices,/images/camera.jpg,"Compact UniFi Console that connects directly to the Site Manager at unifi.ui.com for powerful, multi-application site management.",0,UCK-G2-SSD
UVC-G6-Pro-Turret,G6 Pro Turret,Camera Security,Dome & Turret,/images/camera.jpg,"All-weather tamper-resistant 4K PoE+ camera with a Multi-TOPS AI engine, 2.36x optizal zoom, and a large 1/1.2' CMOS sensor for exceptional low-light clarity and long-range IR night vision.",0,UVC-G6-PRO-TURRET
UVC-G6-Pro-Dome,G6 Pro DOme,Camera Security,Dome & Turret,/images/camera.jpg,"All-weather vandal-proof 4K PoE+ camera with a Multi-TOPS AI engine, 2.36x optical zoom, and a large 1/1.2' CMOS sensor for exceptional low-light clarity and long-range IR night vision.",0,UVC-G6-PRO-DOME
UVC-G6-Turret,G6 Turret,Camera Security,Dome & Turret,/images/camera.jpg,"All-weather, tamper-resistant 4K PoE camera with a 1/1.8' 8MP image sensor, Multi-TOPS AI Engine, and 3-axis manual adjustment for flexible installation.",0,UVC-G6-TURRET
UVC-G6-Dome,G6 Dome,Camera Security,Dome & Turret,/images/camera.jpg,"All-weather, vandal-proof 4K PoE camera with a 1/1.8' 8MP image sensor, Multi-TOPS AI Engine, and long-range IR night vision ideal for discreet installations in high-traffic areas.",0,UVC-G6-DOME
UVC-G6-Pro-360-  ,G6 Pro 360,Camera Security,Dome & Turret,/images/camera.jpg,"All-weather, vandal-resistant 12MP PoE camera with panoramic 360° coverage, digital pan-tilt-zoom functionality, and smart IR functionality.",0,UVC-G6-PRO-360-B-W
UVC-G6-180-B/W,G6 180,Camera Security,Dome & Turret,/images/camera.jpg,"Indoor/outdoor dual sensor 16MP 20 FPS PoE+ camera, with a Multi-TOPS AI Engine and panoramic 180° coverage.",0,UVC-G6-180-B-W
UVC-G5-Turret-Ultra-B/W,G5 Turret Ultra,Camera Security,Dome & Turret,/images/camera.jpg,"Ultra-compact, tamper-resistant, and weatherproof 2K HD PoE camera with long-range night vision.",0,UVC-G5-TURRET-ULTRA-B-W
UVC-AI-Turret-B/W,AI Turret,Camera Security,Dome & Turret,/images/camera.jpg,"All-weather, vandal-proof 4K PoE+ turret camera with enhanced AI capabilities and IR and visible LEDs for night vision.",0,UVC-AI-TURRET-B-W
UVC-AI-Dome-B/W,AI Dome,Camera Security,Dome & Turret,/images/camera.jpg,"All-weather, vandal-proof 4K PoE dome camera with enhanced AI capabilities and long-range IR night vision.",0,UVC-AI-DOME-B-W
UVC-AI-360-B/W,AI 360,Camera Security,Dome & Turret,/images/camera.jpg,Indoor/outdoor 2K PoE camera with pan-tilt-zoom functionality that offers full 360° surveillance.,0,UVC-AI-360-B-W
UVC-G5-Dome,G5 Dome,Camera Security,Dome & Turret,/images/camera.jpg,Next-gen 2K HD PoE ceiling camera with enhanced dynamic range and low-light performance.,0,UVC-G5-DOME
UVC-G5-Dome-Ultra-B/W,G5 Dome Ultra,Camera Security,Dome & Turret,/images/camera.jpg,Ultra-compact and tamper-resistant 2K HD PoE camera with night vision designed for low-profile indoor security.,0,UVC-G5-DOME-ULTRA-B-W
UVC-AI-MS-4-B/W,AI Multi Sensor 4,Camera Security,Dome & Turret,/images/camera.jpg,"All-weather PoE++ 32MP multi-sensor camera featuring a Multi-TOPS AI engine, 2.33× optical zoom, 360° IR coverage, and four independently adjustable lenses for seamless wide-area and close-up monitoring.",0,UVC-AI-MS-4-B-W
UVC-G6-Pro-Bullet-B/W,G6 Pro Bullet,Camera Security,Bullet,/images/camera.jpg,"All-weather 4K PoE+ camera with a Multi-TOPS AI engine, 2.36x optical zoom, and a large 1/1.2' CMOS sensor for exceptional low-light clarity and long-range IR night vision.",0,UVC-G6-PRO-BULLET-B-W
UVC-G6-Bullet-B/W,G6 Bullet,Camera Security,Bullet,/images/camera.jpg,"All-weather 4K PoE camera with a 1/1.8' 8MP image sensor, Multi-TOPS AI Engine, and long-range IR night vision.",0,UVC-G6-BULLET-B-W
UVC-AI-LPR-B/W,AI LPR,Camera Security,Bullet,/images/camera.jpg,Specialized 4K camera with 3x optical zoom and long-range IR night vision optimized for recognizing license plates on vehicles moving up to 90 km/h.,0,UVC-AI-LPR-B-W
UVC-AI-DSLR-B/W,AI DSLR,Camera Security,Bullet,/images/camera.jpg,Indoor/outdoor 4K PoE camera with exceptional image quality and impressive low-light performance.,0,UVC-AI-DSLR-B-W
UVC-AI-Pro-B/W,AI Pro,Camera Security,Bullet,/images/camera.jpg,"Indoor/outdoor 4K PoE camera with 3x optical zoom, long-range IR night vision, and enhanced AI detection capabilities.",0,UVC-AI-PRO-B-W
UVC-G5-Pro,G5 Pro,Camera Security,Bullet,/images/camera.jpg,"Next-gen indoor/outdoor 4K PoE camera with exceptional image performance, long-range IR night vision, and 3x optical zoom.",0,UVC-G5-PRO
UVC-G5-Bullet,G5 Bullet,Camera Security,Bullet,/images/camera.jpg,Next-gen indoor/outdoor 2K HD PoE Camera.,0,UVC-G5-BULLET
UVC-G6-INS-W,G6 Instant,Camera Security,Compact,/images/camera.jpg,"Plug-and-play, 4K WiFi-connected camera with a 1/1.8' 8MP image sensor, Multi-TOPS AI Engine, and two-way audio.",0,UVC-G6-INS-W
UVC-AI-Theta-Pro-W,Camera AI Theta Pro,Camera Security,Compact,/images/camera.jpg,"A complete ceiling 360° AI Theta system designed to discreetly provide a panoramic view of large, busy spaces.",0,UVC-AI-THETA-PRO-W
UVC-G5-Flex,G5 Flex,Camera Security,Compact,/images/camera.jpg,"Compact, easy-to-deploy 2K HD PoE camera that can be staged indoors or outside.",0,UVC-G5-FLEX
UVC-G4-INS,G4 Instant,Camera Security,Compact,/images/camera.jpg,"Compact, wide-angle, WiFi-connected camera with two-way audio.",0,UVC-G4-INS
UVC-AI-Theta-Audio,AI Theta Audio,Camera Security,Compact,/images/camera.jpg,Two-way audio module that connects to an AI Theta Hub.,0,UVC-AI-THETA-AUDIO
UVC-AI-Theta-ProLens50,AI Theta Pro Long-Distance Lens,Camera Security,Compact,/images/camera.jpg,Long-distance lens with enhanced low-light performance and dynamic range that connects to an AI Theta Hub.,0,UVC-AI-THETA-PROLENS50
UVC-G6-PTZ-B/W,G6 PTZ,Camera Security,PTZ,/images/camera.jpg,"All-weather, 4K dual-lens camera with 10x hybrid zoom, 1/1.8' 8MP image sensor, Multi-TOPS AI Engine, and ultra-low latency pan-tilt-zoom control for motion tracking.",0,UVC-G6-PTZ-B-W
UVC-AI-PTZ-B/W,AI PTZ Industrial,Camera Security,PTZ,/images/camera.jpg,"Industrial-grade 4K PoE++ PTZ camera with enhanced AI capabilities, 22x optical zoom, and long-range adaptive IR LED night vision.",0,UVC-AI-PTZ-B-W
UVC-AI-PTZ-Precision-B/W,AI PTZ Precision,Camera Security,PTZ,/images/camera.jpg,"Industrial-grade 4K PTZ camera with enhanced AI capabilities, 31× optical zoom, adaptive IR LED night vision, and LiDAR technology for faster autofocus.",0,UVC-AI-PTZ-PRECISION-B-W
UVC-G5-PTZ-B/W,G5 PTZ ,Camera Security,PTZ,/images/camera.jpg,"Compact, all-weather camera with ultra-low latency pan-tilt-zoom control and versatile mounting options.",0,UVC-G5-PTZ-B-W
UVC-4-Doorbell-Pro-PoE-Kit-B/W,G4 Doorbell Pro PoE Kit,Camera Security,Doorbells,/images/camera.jpg,Premium UniFi doorbell with integrated PoE and included PoE chime for plug-and-play installation.,0,UVC-4-DOORBELL-PRO-POE-KIT-B-W
UVC-4-Doorbell-Pro-B/W,G4 Doorbell Pro,Camera Security,Doorbells,/images/camera.jpg,Premium UniFi doorbell with an enhanced package detection camera and integrated display.,0,UVC-4-DOORBELL-PRO-B-W
UVC-Doorbell-B/W,Doorbell Lite,Camera Security,Doorbells,/images/camera.jpg,Compact PoE video doorbell with two-way audio and versatile mounting options.,0,UVC-DOORBELL-B-W
UVC-Chime-PoE,PoE Smart Chime,Camera Security,Doorbells,/images/camera.jpg,"PoE plug-and-play notification device, designed to pair with a UniFi doorbell or door access hub.",0,UVC-CHIME-POE
UVC-Chime,WiFi Smart Chime,Camera Security,Doorbells,/images/camera.jpg,Plug-in chime designed to pair with a UniFi doorbell.,0,UVC-CHIME
USL-Gateway,SuperLink Gateway,Camera Security,SuperLink Sensors,/images/camera.jpg,"Proprietary super long-range, low-latency wireless gateway for UniFi Protect Sensors.",0,USL-GATEWAY
USL-Entry,Entry Sensor,Camera Security,SuperLink Sensors,/images/camera.jpg,SuperLink sensor with up to 6-year battery life for monitoring door and window open/closed status.,0,USL-ENTRY
USL-Motion,Motion Sensor,Camera Security,SuperLink Sensors,/images/camera.jpg,"SuperLink motion sensor designed for versatile installation, delivering up to 6 years of battery life.",0,USL-MOTION
USL-Siren,Siren,Camera Security,SuperLink Sensors,/images/camera.jpg,All-weather SuperLink siren delivering 110 dB alarm and emergency LED lighting powered using battery or DC input.,0,USL-SIREN
USL-Siren-PoE,Siren PoE,Camera Security,SuperLink Sensors,/images/camera.jpg,All-weather siren delivering 110 dB alarm and emergency LED lighting powered using PoE input.,0,USL-SIREN-POE
USL-Environmental,Environmental Sensor,Camera Security,SuperLink Sensors,/images/camera.jpg,"Battery-powered SuperLink sensor that detects water leaks, temperature, humidity, and ambient light.",0,USL-ENVIRONMENTAL
UP-Sense,All-In-One Sensor,Camera Security,SuperLink Sensors,/images/camera.jpg,"A battery-powered smart sensor capable of detecting motion, lighting, and environmental changes.",0,UP-SENSE
USL-GlassBreak,Glass Break Sensor,Camera Security,SuperLink Sensors,/images/camera.jpg,Battery-powered SuperLink sensor featuring advanced glass break detection and motion sensing.,0,USL-GLASSBREAK
UACC-USL-ANT-HG,SuperLink High-Gain Antenna,Camera Security,SuperLink Sensors,/images/camera.jpg,"High-gain, omnidirectional antenna with an IP67-rated outdoor enclosure, built to extend SuperLink range in all weather conditions.",0,UACC-USL-ANT-HG
UP-AI-Horn-Speaker-B/W,AI Horn Speaker,Camera Security,Camera Accessories,/images/camera.jpg,"All-weather PoE 120 dB horn speaker with advanced AI alert functionality and versatile wall, corner, and pole mounting options.",0,UP-AI-HORN-SPEAKER-B-W
UP-FloodLight,Floodlight,Camera Security,Camera Accessories,/images/camera.jpg,"Bright, motion-triggered light.",0,UP-FLOODLIGHT
UACC-Adapter-PoE-USBC,PoE to USB-C Adapter,Camera Security,Camera Accessories,/images/camera.jpg,"Versatile adapter that provides power and connectivity to USB-C devices, including compatible Protect WiFi cameras.",0,UACC-ADAPTER-POE-USBC
UACC-Camera-CJB-B/W,Camera Compact Junction Box,Camera Security,Camera Accessories,/images/camera.jpg,"Tamper-resistant junction box for compact UniFi Dome and Turret cameras that enhances mounting durability, aesthetics, and ease of maintenance.",0,UACC-CAMERA-CJB-B-W
UACC-Camera-CJB-B/W,Camera Compact Junction Box,Camera Security,Camera Accessories,/images/camera.jpg,"Tamper-resistant junction box for compact UniFi Dome and Turret cameras that enhances mounting durability, aesthetics, and ease of maintenance.",0,UACC-CAMERA-CJB-B-W
UACC-Camera-JB-B/W,Camera Junction Box,Camera Security,Camera Accessories,/images/camera.jpg,"Tamper-resistant junction box for UniFi Bullet, Dome, and Turret cameras that enhances mounting durability, aesthetics, and ease of maintenance.",0,UACC-CAMERA-JB-B-W
UACC-AI-JB-B/W,AI 360 Junction Box,Camera Security,Camera Accessories,/images/camera.jpg,Tamper-resistant junction box for the AI 360 that enhances mounting durability and ease of maintenance.,0,UACC-AI-JB-B-W
UACC-G4-Dome-Arm-Mount,Dome Camera Arm Mount,Camera Security,Camera Accessories,/images/camera.jpg,Arm mount accessory that attaches the G4 or G5 Dome camera to a wall.,0,UACC-G4-DOME-ARM-MOUNT
UACC-Camera-AM-B,Camera Arm Mount,Camera Security,Camera Accessories,/images/camera.jpg,"Arm mount accessory that attaches the UniFi Turret cameras to a wall, corner, or pole.",0,UACC-CAMERA-AM-B
UACC-Bullet-AB-B,Bullet Camera Angled Base,Camera Security,Camera Accessories,/images/camera.jpg,Bullet camera mounting accessory that enhances tilt angle by 22° to achieve an unrestricted viewing angle.,0,UACC-BULLET-AB-B
UACC-Pro-Bullet-Enhancer-B/W,Pro Bullect Enhancer,Camera Security,Camera Accessories,/images/camera.jpg,"Long-range IR LED, floodlight, and radar detection accessory for the G6 Pro Bullet and AI Pro.",0,UACC-PRO-BULLET-ENHANCER-B-W
UACC-AI-Pro-Enhancer-B/W,AI Enhancer,Camera Security,Camera Accessories,/images/camera.jpg,"Long-range IR LED, floodlight, and radar detection accessory for the AI Pro.",0,UACC-AI-PRO-ENHANCER-B-W
UACC-G5-Enhancer,G5 Pro Enhancer,Camera Security,Camera Accessories,/images/camera.jpg,Long-range IR LED and floodlight accessory for the G5 Pro.,0,UACC-G5-ENHANCER
UVC-G4-IRExtender,G4 Bullet IR Enhancer,Camera Security,Camera Accessories,/images/camera.jpg,Long-range IR LED accessory for the G4 Bullet.,0,UVC-G4-IREXTENDER
UACC-Camera-DM-B/W,Camera Dual Mount,Camera Security,Camera Accessories,/images/camera.jpg,"Tamper-resistant, back-to-back mount for two UniFi Bullet, Dome, or Turret cameras that supports flat surface installation and attachment to 1 1/2' NPS threaded conduit.",0,UACC-CAMERA-DM-B-W
UACC-GB-Plate-B/W,Gang Box Mounting Plate,Camera Security,Camera Accessories,/images/camera.jpg,A mounting plate designed to interface UniFi Protect cameras with multiple types of Gang Boxes and Junction Boxes.,0,UACC-GB-PLATE-B-W
UACC-Dome-FM-B/W,AI Dome Camera Flush Mount,Camera Security,Camera Accessories,/images/camera.jpg,Dome camera mounting accessory for recessed installation into a wall or ceiling.,0,UACC-DOME-FM-B-W
UACC-G6-Pro-360-FM-B/W,G6 Pro 360 Flush Mount,Camera Security,Camera Accessories,/images/camera.jpg,G6 Pro 360 camera mounting accessory for recessed installation into a wall or ceiling.,0,UACC-G6-PRO-360-FM-B-W
UACC-G6-Dome-FM-B/W,G6 Dome Camera Flush Mount,Camera Security,Camera Accessories,/images/camera.jpg,G6/G6 Pro Dome camera mounting accessory for recessed installation into a wall or ceiling.,0,UACC-G6-DOME-FM-B-W
UACC-G6-Dome-FMS-B/W,G6 Dome Camera Flush Mount,Camera Security,Camera Accessories,/images/camera.jpg,G6 Dome camera mounting accessory for recessed installation into a wall or ceiling.,0,UACC-G6-DOME-FMS-B-W
UACC-G5-Dome-Ultra-FM-B/W,G6 Dome Camera Flush Mount,Camera Security,Camera Accessories,/images/camera.jpg,Dome camera mounting accessory for recessed installation into a wall or ceiling.,0,UACC-G5-DOME-ULTRA-FM-B-W
UACC-G5-Dome-Ultra-FM-SB-B/W,G6 Dome Camera Flush Mount,Camera Security,Camera Accessories,/images/camera.jpg,Dome camera mounting accessory for recessed installation into a wall or ceiling with a smoked bubble for enhanced discretion.,0,UACC-G5-DOME-ULTRA-FM-SB-B-W
UACC-G6-Dome-WS-B/W,G6 Dome Camera Weather Shield,Camera Security,Camera Accessories,/images/camera.jpg,G6 Dome camera accessory for optimal image quality and protection from the elements when installed outdoors on a wall or pole.,0,UACC-G6-DOME-WS-B-W
UACC-Dome-WS-B/W,Dome Camera Weather Shield,Camera Security,Camera Accessories,/images/camera.jpg,Dome camera accessory for optimal image quality and protection from the elements when installed outdoors on a wall or pole.,0,UACC-DOME-WS-B-W
UACC-G6-180-FM-B/W,G6 180 Camera Flush Mount,Camera Security,Camera Accessories,/images/camera.jpg,G6 180 camera mounting accessory for recessed ceiling installation.,0,UACC-G6-180-FM-B-W
UACC-G6-180-PM-B/W,G6 180 Camera Pendant Mount,Camera Security,Camera Accessories,/images/camera.jpg,Pendant mount for suspending the G6 180 Camera from ceilings or overhead structures.,0,UACC-G6-180-PM-B-W
UACC-G5-PTZ-CM-B/W,G6/G5 PTZ Corner Mount,Camera Security,Camera Accessories,/images/camera.jpg,Corner mount accessory for G6/G5 PTZ.,0,UACC-G5-PTZ-CM-B-W
UACC-G5-PTZ-PM-B/W,G6/G5 PTZ Pendant Mount,Camera Security,Camera Accessories,/images/camera.jpg,Pendant mount accessory for G6/G5 PTZ.,0,UACC-G5-PTZ-PM-B-W
UACC-G5-PTZ-SM-B/W,G6/G5 PTZ Surface Mount,Camera Security,Camera Accessories,/images/camera.jpg,Ceiling surface mount accessory for G5 PTZ.,0,UACC-G5-PTZ-SM-B-W
UACC-G5-PTZ-ICM-SB-B/W,G5 PTZ In-Ceiling Mount,Camera Security,Camera Accessories,/images/camera.jpg,In-ceiling mount accessory or smoked bubble cover for G5 PTZ.,0,UACC-G5-PTZ-ICM-SB-B-W
UACC-G6-PTZ-ICM-B/W,G6 PTZ In-Ceiling Mount,Camera Security,Camera Accessories,/images/camera.jpg,In-ceiling mount accessory for G6 PTZ.,0,UACC-G6-PTZ-ICM-B-W
UACC-G5-PTZ-CA-B/W,G6/G5 PTZ Conduit Adapter,Camera Security,Camera Accessories,/images/camera.jpg,3/4' conduit adapter for wall-mounted G6/G5 PTZ installations.,0,UACC-G5-PTZ-CA-B-W
UACC-Flex-Cam-PWM-B/W,Flex Pro Mount,Camera Security,Camera Accessories,/images/camera.jpg,Versatile weatherproof wall or pole mount for G3 and G5 Flex cameras.,0,UACC-FLEX-CAM-PWM-B-W
UACC-G4 Doorbell Pro PoE-Gang Box-White-B/W,G4 Doorbell Pro PoE Gang Box Mount,Camera Security,Camera Accessories,/images/camera.jpg,"Secure, flat or angled mounting plate for installing the G4 Doorbell Pro PoE over a standard single-gang box.",0,UACC-G4-DOORBELL-PRO-POE-GANG-BOX-WHITE-B-W
UACC-G4-DBP-Cable-USB-7M,G4 Doorbell Pro PoE to USB-C Cable,Camera Security,Camera Accessories,/images/camera.jpg,Sever-meter USB cable that connects a G4 Doorbell Pro to a PoE source.,0,UACC-G4-DBP-CABLE-USB-7M
UACC-G4-INS-Cable-USB-4.5M,Instant Camera PoE to USB-C Cable,Camera Security,Camera Accessories,/images/camera.jpg,Four-and-a-half-meter USB cable that connects a Camera G4/G6 Instant to a PoE source.,0,UACC-G4-INS-CABLE-USB-4-5M
UACC-G4-INS-Cover-DG/G/LG,G4 Instant Cover,Camera Security,Camera Accessories,/images/camera.jpg,Custom cover for the G4 Instant camera available in multiple colors.,0,UACC-G4-INS-COVER-DG-G-LG
UACC-AI-Theta-Audio-Cable-1M,AI Theta Audio Cable,Camera Security,Camera Accessories,/images/camera.jpg,"Replacement cable that connects AI Theta Audio to an AI Theta Hub, 1m (3.3 ft).",0,UACC-AI-THETA-AUDIO-CABLE-1M
UACC-AI-Theta-Audio-Cable-Ext-10M,AI Theta Audio Cable Extension Cable,Camera Security,Camera Accessories,/images/camera.jpg,Ten-meter audio cable to extend AI Theta Lenses.,0,UACC-AI-THETA-AUDIO-CABLE-EXT-10M
efg,Enterprise Fortress Gateway,Cloud Gateways,Enterprise Scale,/images/products/Product-Enterprise-Fortress-Gateway.png,"25G Cloud Gateway with 500+ UniFi device / 5,000+ client support, 12.5 Gbps IPS routing, and complete high availability.",1,EFG-999
udm-pro-max,Dream Machine Pro Max ,Cloud Gateways,Large Scale,/images/products/Product-Dream-Machine-Pro-Max.png,"10G CLoud Gateway with 200+ UniFi device / 2,000+ client support, 5 Gbps IPS routing, and redunant NVR storage.",1,UDM-PRO-MAX
udm-pro,Dream Machine Pro,Cloud Gateways,Large Scale,/images/products/Product-Dream-Machine-Pro.png,"10G Cloud Gateway with 100+ UniFi device / 1,000+ client support and 3.5 Gbps IPS routing.",0,UDM-PRO
udm-se,Dream Machine Special Edition,Cloud Gateways,Large Scale,/images/products/Product-Dream-Machine-Special-Edition.png,"10G Cloud Gateway with 100+ UniFi device / 1,000+ client support, 3.5 Gbps IPS routing, and built-in PoE switching.",0,EFG-200
ucg-fiber,Cloud Gateways Fiber,Cloud Gateways,Compact,/images/products/Product-UCG-Fiber.png,"Desktop 10G Cloud Gateway with integrated 4-port 2.5 GbE switch, selectable NVR storage, and full UniFi application support.",0,UCG-FIBER
ucg-max,Cloud Gateways Max,Cloud Gateways,Compact,/images/products/Product-UCG-Max.png,"Compact 2.5G Cloud Gateway with 30+ UniFi device / 300+ client support, 2.3 Gbps IPS routing, and selectable NVR storage.",0,UCG-MAX
ucg-ultra,Cloud Gateways Ultra,Cloud Gateways,Compact,/images/products/Product-UCG-Ultra.png,"Compact CLoud Gateway with 30+ UniFi device / 300+ client support, 1 Gbps IPS routing, and multi-WAN load balancing",0,UCG-ULTRA
udr-7,Dream Router 7,Cloud Gateways,WiFi Integrated,/images/products/Product-UDR-7.png,"Desktop 10G Cloud Gateway with integrated WiFi 7, PoE switch, microSD storage, and full UniFi application support",0,UDR-7
ux-7,UniFi Express 7,Cloud Gateways,WiFi Integrated,/images/products/Product-UX-7.png,"Mesh-scalable, super-compact 10G Cloud Gateway with integrated WiFI 7.",0,UX-7
udr-5g-max,Dream Router 5G Max,Cloud Gateways,WiFi Integrated,/images/products/Product-UDR-5G-Max.png,"Desktop Cloud Gateway with full-performance 5G up to 3.4 Gbps, WiFi 7, 10G SFP+, 4-port 2.5 GbE switch with (1) PoE port, and SD card storage.",0,UDR-5G-MAX
UDW,Dream Wall,Cloud Gateways,WiFi Integrated,/images/products/Product-UDW.png,"Wall-mounted 10G Cloud Gateway with integrated WiFi 6, high-power PoE switching, and full Unifi application support.",0,UDW
UVC-G6-Pro-Entry,G6 Pro Entry,Door Access,Readers,/images/camera.jpg,"An intelligent door entry system with native UniFi Protect and UniFi Access integration with a 12MP camera, two-way audio, and a 3' touch display.",0,UVC-G6-PRO-ENTRY
UVC-G6-Entry,G6 Entry,Door Access,Readers,/images/camera.jpg,An intelligent door entry system with native UniFi Protect and UniFi Access integration.,0,UVC-G6-ENTRY
UA-G3-Pro-B/W,G3 Reader Pro,Door Access,Readers,/images/camera.jpg,"Third-generation, indoor/outdoor NFC reader and intercom with Touch Pass support.",0,UA-G3-PRO-B-W
UA-G2-Pro-B/W,G2 Reader Pro,Door Access,Readers,/images/camera.jpg,"Second generation, indoor/outdoor NFC reader and intercom.",0,UA-G2-PRO-B-W
UA-G3-Flex-B/W,Reader Flex,Door Access,Readers,/images/camera.jpg,Third-generation NFC card reader with a keypad and Touch Pass support.,0,UA-G3-FLEX-B-W
UA-G3-B/W,G3 Reader,Door Access,Readers,/images/camera.jpg,Compact third-generation access with Tpuch Pass support.,0,UA-G3-B-W
UA-G2-B/W,G2 Reader,Door Access,Readers,/images/camera.jpg,Compact second-generation access reader.,0,UA-G2-B-W
UA-Retrofit-Reader-B/W,Retrofit Reader,Door Access,Readers,/images/camera.jpg,"Indoor/outdoor OSDP reader with NFC Card and Touch Pass support, compatible with the UniFi Retrofit Hub using existing cabling.",0,UA-RETROFIT-READER-B-W
UA-G3-Intercom,G3 Intercom,Door Access,Readers,/images/camera.jpg,Indoor/outdoor intercom terminal for managing residential and commercial building entry requests with Touch Pass support.,0,UA-G3-INTERCOM
UA-G2-Intercom,G2 Intercom,Door Access,Readers,/images/camera.jpg,Indoor/outdoor intercom terminal for managing residential and commercial building entry requests.,0,UA-G2-INTERCOM
UA-Ultra,Access Ultra,Door Access,Readers,/images/camera.jpg,"An access reader with a built-in hub for complete, single-door entry control from one device.",0,UA-ULTRA
UA-G3-Intercom,G3 Intercom,Door Access,Readers,/images/camera.jpg,Indoor/outdoor intercom terminal for managing residential and commercial building entry requests with Touch Pass support.,0,UA-G3-INTERCOM
UA-G2-Intercom,G2 Intercom,Door Access,Readers,/images/camera.jpg,Indoor/outdoor intercom terminal for managing residential and commercial building entry requests.,0,UA-G2-INTERCOM
UA-G2-Intercom,G2 Intercom,Door Access,Readers,/images/camera.jpg,Indoor/outdoor intercom terminal for managing residential and commercial building entry requests.,0,UA-G2-INTERCOM
UVC-G6-Pro-Entry,G6 Pro Entry,Door Access,Readers,/images/camera.jpg,"An intelligent door entry system with native UniFi Protect and UniFi Access integration with a 12MP camera, two-way audio, and a 3' touch display.",0,UVC-G6-PRO-ENTRY
UVC-G6-Entry,G6 Entry,Door Access,Readers,/images/camera.jpg,An intelligent door entry system with native UniFi Protect and UniFi Access integration.,0,UVC-G6-ENTRY
EAH-8,Enterprise Access Hub,Door Access,Hubs,/images/camera.jpg,Enterprise-grade access hub with entry and exit control up to eight doors and battery backup support.,0,EAH-8
UA-Retrofit-Hub-2,Enterprise Access Hub,Door Access,Hubs,/images/camera.jpg,DC-powered hub that supports Wiegand and OSDP readers and provides entry and exit control for up to two doors.,0,UA-RETROFIT-HUB-2
UA-Hub-Door,Door Hub,Door Access,Hubs,/images/camera.jpg,A single-door mechanism that provides complete entry and exit control via connected Access Readers.,0,UA-HUB-DOOR
UA-Hub-Door-Mini,Door Hub Mini,Door Access,Hubs,/images/camera.jpg,Compact Access Control Hub for a single door.,0,UA-HUB-DOOR-MINI
UA-Hub-Gate,Gate Hub,Door Access,Hubs,/images/camera.jpg,An advanced Gate Hub enabling seamless gate access control via connected Access readers or Intercom.,0,UA-HUB-GATE
UA-Ultra,Access Ultra,Door Access,Hubs,/images/camera.jpg,"An access reader with a built-in hub for complete, single-door entry control from one device.",0,UA-ULTRA
UA-G3-SK-Pro,G3 Starter Kit Pro,Door Access,Kits,/images/camera.jpg,Starter kit that provides complete entry and exit control fo a single door with two readers and Touch Pass support.,0,UA-G3-SK-PRO
UA-G2-SK-Pro,G2 Starter Kit Pro,Door Access,Kits,/images/camera.jpg,Starter kit that provides complete entry and exit control for a single door with two readers.,0,UA-G2-SK-PRO
UA-G3-SK,G3 Starter Kit,Door Access,Kits,/images/camera.jpg,"A simple, all-in-one kit for UniFi Access, designed to manage a single door with one reader. Supports seamless setup and Touch Pass for modern, secure access control.",0,UA-G3-SK
UA-G2-SK,G2 Starter Kit,Door Access,Kits,/images/camera.jpg,"A simple, all-in-one kit for UniFi Access, designed to manage a single door with one reader. Supports seamless setup for modern, secure access control.",0,UA-G2-SK
UA-G3-SK-Gate,G3 Gate Starter Kit,Door Access,Kits,/images/camera.jpg,"Starter kit with a Gate Hub, G3 Intercom, PoE++ adapter, and PoE++ over twisted pair extender for access control at a single gate with Touch Pass support.",0,UA-G3-SK-GATE
UA-G2-SK-Gate,Gate Starter Kit,Door Access,Kits,/images/camera.jpg,Control a vehicle gate using the connected Intercom and authorize gate access with License Plate Unlock when paired with a compatible Protect AI camera.,0,UA-G2-SK-GATE
UA-SK-Elevator,Elevator Starter Kit,Door Access,Kits,/images/camera.jpg,Connects to in-elevator readers with PoE to authorize floor selection. Supports up to 18 floors with digital inputs for elevator car status and emergency.,0,UA-SK-ELEVATOR
UA-G3-Intercom,G3 Intercom,Door Access,Intercoms,/images/camera.jpg,Indoor/outdoor intercom terminal for managing residential and commercial building entry request with Touch Pass support.,0,UA-G3-INTERCOM
UA-G2-Intercom,Intercom,Door Access,Intercoms,/images/camera.jpg,Indoor/outdoor intercom terminal for managing residential and commercial building entry request.,0,UA-G2-INTERCOM
UA-Intercom-Viewer,Intercom Viewer,Door Access,Intercoms,/images/camera.jpg,Indoor/outdoor intercom terminal for managing residential and commercial building entry request with Touch Pass support.,0,UA-INTERCOM-VIEWER
ENVR,Enterprise NVR,Door Access,NVRs,/images/camera.jpg,"3U NVR with (16) 2.5/3.5' drive bays, supporting up to (70) 4K cameras or (210) Full HD cameras.",0,ENVR
UNVR-pro,Network Video Recorder Pro,Door Access,NVRs,/images/camera.jpg,A 2U-sized video recorder with (7) 2.5/3.5 HDD bays that can provide up to 60 days of storage for (24) 4K cameras or (70) Full HD cameras.,0,UNVR-PRO
UNVR,Network Video Recorder,Door Access,NVRs,/images/camera.jpg,A video recorder with (4) 2.5/3.5' HDD bays that can support up to 30 days of storage for (18) 4K cameras or (60) Full HD cameras.,0,UNVR
UNVR-Instant,Network Video Recorder Instant,Door Access,NVRs,/images/camera.jpg,"Compact UniFi Protect NVR with 3.5 HDD support, featuring an integrated 6-port PoE switch, integrated HDMI View Port, and a capacity for (6) 4K cameras or (15) Full HD cameras.",0,UNVR-INSTANT
UNVR-Instant-Kit,Network Video Recorder Instant Kit,Door Access,NVRs,/images/camera.jpg,"Compact UniFi Protect NVR Kit, includes (1) UniFi Protect NVR Instant with (4) G5 Turret Ultra cameras and (1) 1TB HDD, delivering an all-in-one solution for fast and effortless setup.",0,UNVR-INSTANT-KIT
UA-Card-10-B/W,Access Card,Door Access,Door Access Accessories,/images/camera.jpg,A pack of highly-secure NFC cards used for access control within UniFi.,0,UA-CARD-10-B-W
UACC-Retrofit-PoE-2Wire,PoE Over 2-Wire Retrofit Extender,Door Access,Door Access Accessories,/images/camera.jpg,"A pair of extenders that extends PoE over twisted-pair or coaxial cables, ideal for retrofit scenarios.",0,UACC-RETROFIT-POE-2WIRE
UACC-Reader-JB-B/W,Reader Junction Box,Door Access,Door Access Accessories,/images/camera.jpg,Junction box for UniFi Access Readers and Intercom Viewers that support flat surface mounting and attachment to 3/4' conduit.,0,UACC-READER-JB-B-W
UACC-Reader-Pro-JB-B/W,Reader Pro Junction Box,Door Access,Door Access Accessories,/images/camera.jpg,Junction box for UniFi Professional Access Readers and Doorbells that supports flat surface mounting and attachment to 3/4' conduit.,0,UACC-READER-PRO-JB-B-W
UACC-Reader-Pro-AM-B/W,Reader Pro Angle Mount,Door Access,Door Access Accessories,/images/camera.jpg,Angled mounting accessory for UniFi Professional Access Readers.,0,UACC-READER-PRO-AM-B-W
UACC-Intercom-SAM,Intercom Surface Angle Mount,Door Access,Door Access Accessories,/images/camera.jpg,UniFI Access Intercom surface angle mount accessory.,0,UACC-INTERCOM-SAM
UACC-Intercom-FM,Intercom Flush Mount,Door Access,Door Access Accessories,/images/camera.jpg,UniFI Access Intercom flush mount accessory.,0,UACC-INTERCOM-FM
UACC-Intercom-Sunshield,Intercom Sunshield,Door Access,Door Access Accessories,/images/camera.jpg,UniFI Access Intercom sunshield accessory.,0,UACC-INTERCOM-SUNSHIELD
UACC-Intercom-WM,Intercom Wedge Mount,Door Access,Door Access Accessories,/images/camera.jpg,A pack of highly-secure NFC cards used for access control within UniFi.,0,UACC-INTERCOM-WM
UACC-Intercom-Viewer-TS,Intercom Viewer Table Stand,Door Access,Door Access Accessories,/images/camera.jpg,Metal table stand for Intercom Viewer.,0,UACC-INTERCOM-VIEWER-TS
UACC-Junction-Utility,Junction Utility,Door Access,Door Access Accessories,/images/camera.jpg,"An indoor/outdoor enclosure designed for UniFi Access Hubs, switches, and accessories.",0,UACC-JUNCTION-UTILITY
UACC-Retrofit-PSU-12V,Retrofit PSU 12V,Door Access,Door Access Accessories,/images/camera.jpg,"12V power supply with optional SLA backup battery support, compatible with the UniFi Retrofit Hub.",0,UACC-RETROFIT-PSU-12V
UA-Button,Access Button,Door Access,Door Access Accessories,/images/camera.jpg,Push-to-exit button designed for UniFi Access Hubs.,0,UA-BUTTON
UACC-DoorCloser,Door Closer,Door Access,Door Access Accessories,/images/camera.jpg,A mechanical door closer that ensures controlled closure for safety and convenience.,0,UACC-DOORCLOSER
UACC-PanicBar,Panic Bar,Door Access,Door Access Accessories,/images/camera.jpg,"A single-latched bar installed on emergency exit doors, allowing quick and easy egress by pushing the bar to open the door during emergencies.",0,UACC-PANICBAR
UA-Lock-Magnetic-270kg,Magnetic Lock,Door Access,Door Access Accessories,/images/camera.jpg,Fail-safe magnetic lock for inswing and outswing doors that connects to a UniFI Access Hub.,0,UA-LOCK-MAGNETIC-270KG
UACC-Lock-Strike-Secure-15mm,Fail-Secure Strike Lock,Door Access,Door Access Accessories,/images/camera.jpg,Fail-secure electric strike lock that connects to a UniFi Access Hub.,0,UACC-LOCK-STRIKE-SECURE-15MM
UACC-Lock-Strike-Safe-15mm,Fail-Safe Strike Lock,Door Access,Door Access Accessories,/images/camera.jpg,Fail-Safe electric strike lock that connects to a UniFi Access Hub.,0,UACC-LOCK-STRIKE-SAFE-15MM
UACC-Cable-DoorLockRelay-1P,Door Lock Relay Cable,Door Access,Door Access Accessories,/images/camera.jpg,"A 500-foot (152.4m) spool of one or two pair, low voltage cable.",0,UACC-CABLE-DOORLOCKRELAY-1P
UACC-Cable-DoorLockRelay-2P,Door Lock Relay Cable,Door Access,Door Access Accessories,/images/camera.jpg,"A 500-foot (152.4m) spool of one or two pair, low voltage cable.",0,UACC-CABLE-DOORLOCKRELAY-2P
UA-Pocket,"Pocket Keyfob, 10-Pack",Door Access,Door Access Accessories,/images/camera.jpg,A pack of (10) highly-secure NFC keyfobs used for access control within UniFi.,0,UA-POCKET
UA-Rescue,Access Rescue KeySwitch,Door Access,Door Access Accessories,/images/camera.jpg,Keyed emergency override for your Access Hub.,0,UA-RESCUE
UNAS-Pro-8,UNAS Pro 8,Integrations,Network Storage,/images/camera.jpg,"2U rack-mount NAS with (8) 2.5/3.5' HDD bays and (2) M.2 NVMe SSD cache slots, delivering faster access, lower latency, and high-availability 10 Gbps networking for large-scale file storage and sharing.",0,UNAS-PRO-8
UNAS-Pro-4,UNAS Pro 4,Integrations,Network Storage,/images/camera.jpg,"1U rack-mount NAS with (4) 2.5/3.5' HDD bays and (2) M.2 NVMe SSD cache slots, delivering faster access, lower latency, and high-availability 10 Gbps networking for large-scale file storage and sharing.",0,UNAS-PRO-4
UNAS-Pro,UNAS Pro,Integrations,Network Storage,/images/camera.jpg,2U rack-mount NAS with (7) 2.5/3.5' drive bays and 10 Gbps performance designed for large-scale file storage and sharing.,0,UNAS-PRO
UNAS-2-B/W,UNAS 2,Integrations,Network Storage,/images/camera.jpg,"UniFi Network Attached Storage with (2) 3.5' HDD bays, 2.5 GbE networking, USB-C connectivity, and an included PoE++ adapter, all in a compact footprint.",0,UNAS-2-B-W
UNAS-4-B/W,UNAS 4,Integrations,Network Storage,/images/camera.jpg,"UniFi Network Attached Storage with (4) 2.5/3.5' HDD bays, (2) M.2 NVMe SSD cache slots, 2.5 GbE networking, USB-C connectivity, and an included PoE+++ adapter, all in a compact footprint.",0,UNAS-4-B-W
UPS-2U,UniFi UPS 2U,Integrations,Power Tech,/images/camera.jpg,"UniFi managed 1.44kVA rackmount uninterruptible power supply with 4 backup outlets, 4 surge outlets, and a field replaceable battery, 216Wh, half load (500W) runtime of 8 minutes. Supports Graceful Shutdown for UNVR and UNAS, and includes NUT compatibility for third-party devices.",0,UPS-2U
UPS-Tower,UniFi UPS Tower,Integrations,Power Tech,/images/camera.jpg,"UniFi managed 1kVA uninterruptible power supply with 5 backup outlets 5 surge outlets and hot swappable battery, 108Wh, half load (300W) runtime of 7 minutes. Supports Graceful Shutdown for UNVR and UNAS, and includes NUT compatibility for third-party devices.",0,UPS-TOWER
USW-Mission-Critical(120W),UPS PoE Switch,Integrations,Power Tech,/images/camera.jpg,A switch with an integrated 368Wh lithium-ion battery capable of providing uninterruptible PoE to 8 devices.,0,USW-MISSION-CRITICAL-120W-
USP-RPS,Redundant Power,Integrations,Power Tech,/images/camera.jpg,950W redundant power supply for rack-mounted UniFi devices.,0,USP-RPS
USP-PDU-Pro,Power Distribution Pro,Integrations,Power Tech,/images/camera.jpg,Designed to supply power to an entire rack-mounted UniFi system and remotely manage each connection.,0,USP-PDU-PRO
USP-PDU-HD,Power Distribution Hi-Density,Integrations,Power Tech,/images/camera.jpg,Designed to supply power to an entire rack-mounted UniFi system and remotely manage each connection.,0,USP-PDU-HD
U5G-Max,UniFi 5G Max,Integrations,LTE/5G,/images/camera.jpg,"A high-performance 5G (3.4 Gbps) modem for any UniFi deployment. Instantly adopt through any UniFi PoE port, it delivers automatic setup, dual SIM/eSIM, and seamless failover. Certified with AT&T, T-Mobile*, and Verizon**.",0,U5G-MAX
U5G-Max-Outdoor,UniFi 5G Max Outdoor,Integrations,LTE/5G,/images/camera.jpg,"A full-performance 5G (3.4 Gbps) modem for UniFi consoles and Cloud Gateways, certified with AT&T, T-Mobile*, and Verizon**, designed for outdoor use with directional antennas, remote SIM***, and dual SIM for seamless failover.",0,U5G-MAX-OUTDOOR
UMR-Industrial,Mobile Router Industrial,Integrations,LTE/5G,/images/camera.jpg,"Compact, ruggedized, and carrier unlocked LTE Cat 4 mobile WiFi router designed for indoor/outdoor IoT applications.",0,UMR-INDUSTRIAL
UMR-Ultra,Mobile Router Ultra,Integrations,LTE/5G,/images/camera.jpg,"Ultra-compact managed LTE mobile router for IoT applications with integrated LTE, wired WAN, WiFi, automatic failover, and DC power input support.",0,UMR-ULTRA
UMR,Mobile Router,Integrations,LTE/5G,/images/camera.jpg,"Managed mobile WiFi router that brings plug-and-play connectivity to any environment. Use the pre-installed AT&T nano-SIM with three data plan options for LTE data, or bring your own AT&T nano-SIM.",0,UMR
U-LTE,LTE Backup,Integrations,LTE/5G,/images/camera.jpg,Seamless internet failover for UniFi gateways. Includes an AT&T SIM and data plan for plug-and-play deployment.,0,U-LTE
U-LTE-Backup Pro,LTE Backup Pro,Integrations,LTE/5G,/images/camera.jpg,Seamless internet failover for UniFi gateways. Bring your own AT&T nano-SIM for LTE data.,0,U-LTE-BACKUP-PRO
UTP-G3-Touch-Enterprise,G3 Touch Enterprise,Integrations,Managed VoIP,/images/camera.jpg,"Next-generation premium desktop smartphone for UniFi Talk, featuring a 7' touch display and seamless integration with UniFi applications.",0,UTP-G3-TOUCH-ENTERPRISE
UTP-G3-Touch-Pro,G3 Touch Pro,Integrations,Managed VoIP,/images/camera.jpg,"Next-generation desktop smartphone for UniFi Talk, featuring a 5' touch display and seamless integration with UniFi applications.",0,UTP-G3-TOUCH-PRO
UTP-G3-Touch-Wall,G3 Touch Wall,Integrations,Managed VoIP,/images/camera.jpg,"Next-generation wall-mountable smartphone for UniFi Talk, featuring a 7' touch display and seamless integration with UniFi applications.",0,UTP-G3-TOUCH-WALL
UTP-TouchMax-B/W,G2 Touch Max,Integrations,,/images/camera.jpg,Premium desktop smartphone that delivers the ultimate user experience.,0,UTP-TOUCHMAX-B-W
UTP-Touch-B/W,G2 Touch,Integrations,Managed VoIP,/images/camera.jpg,Versatile desktop smartphone that eliminates the learning curve.,0,UTP-TOUCH-B-W
UT-G3-Handset,G3 Wireless Handset,Integrations,Managed VoIP,/images/camera.jpg,"Wireless handset which supports clear, high-quality audio for G3 Touch Phones.",0,UT-G3-HANDSET
UT-ATA,Analog Telephone Adapter,Integrations,Managed VoIP,/images/camera.jpg,Easy-to-deploy adapter for managing analog telephones and fax machines with UniFi Talk.,0,UT-ATA
UC-EV-Station-Pro,EV Station Pro,Integrations,Premium IoT,/images/camera.jpg,"Weatherproof, 11 kW Level 2 electric vehicle charging station with an ultra-bright 10.1' touch display, flexible access control, and payment terminal accessory support.",0,UC-EV-STATION-PRO
UC-EV-Station-Lite,EV Station Lite,Integrations,Premium IoT,/images/camera.jpg,"Weatherproof, 11 kW Level 2 electric vehicle charging station with flexible access control designed for scalable deployment.",0,UC-EV-STATION-LITE
UPL-Amp-B/W,PowerAmp,Integrations,Premium IoT,/images/camera.jpg,Premium speaker amplifier designed for high-fidelity multi-zone audio streaming and immersive spatial sound experiences.,0,UPL-AMP-B-W
UPL-Port-B/W,PoE Audio Port,Integrations,Premium IoT,/images/camera.jpg,"A digital audio streamer with an ultra-compact, versatile design and an intuitive control system, supporting multiple music streaming services and scalable multi-zone installations .",0,UPL-PORT-B-W
UC-Cast-Pro,Display Cast Pro,Integrations,Premium IoT,/images/camera.jpg,"Managed digital signage player for HMI display with media content playback, web mode, and USB-C peripheral support.",0,UC-CAST-PRO
UC-Cast-Lite,Display Cast Lite,Integrations,Premium IoT,/images/camera.jpg,Digital signage player designed for media playback on HDMI displays.,0,UC-CAST-LITE
ECS-Aggregation,Enterprise Campus Aggregation,Switching,Aggregation,/images/switch.jpg,1.8 Tbps high-density 100G/25G Layer 3 Etherlighting™ aggregation switch with MC-LAG support for high availability system design.,1,ECS-AGGREGATION
USW-Pro-XG-Aggregation,Pro XG Aggregation,Switching,Aggregation,/images/switch.jpg,"Professional-grade 32-port, Layer 3 Etherlighting™ switch for high-capacity 25G SFP28 connections.",1,USW-PRO-XG-AGGREGATION
USW-Pro-Aggregation,Hi-Capacity Aggregation,Switching,Aggregation,/images/switch.jpg,"A 32-port, Layer 3 switch made for high-capacity 10G SFP+ and 25G SFP28 connections.",1,USW-PRO-AGGREGATION
USW-Aggregation,Aggregation,Switching,Aggregation,/images/switch.jpg,"An 8-port, Layer 2 switch made for 10G SFP+ connections.",1,USW-AGGREGATION
ECS-48-PoE(2150W),Enterprise Campus 48 PoE,Switching,Enterprise,/images/switch.jpg,"Enterprise-grade 48-port, Layer 3 Etherlighting™ PoE+++ switch with high-capacity 10 GbE RJ45 and 25G SFP28 connections for high availability system design.",1,ECS-48-POE-2150W-
ECS-24-PoE(1050W),Enterprise Campus 24 PoE,Switching,Enterprise,/images/switch.jpg,"Enterprise-grade 24-port, Layer 3 Etherlighting™ PoE+++ switch with high-capacity 10 GbE RJ45 and 25G SFP28 connections for high availability system design.",1,ECS-24-POE-1050W-
ECS-48S-PoE(2150W),Enterprise Campus 48S PoE,Switching,Enterprise,/images/switch.jpg,"Enterprise-grade 48-port, Layer 3 Etherlighting™ PoE+++ switch with Stacking support and high-capacity 10 GbE RJ45 and 25G SFP28 connections for high availability system design.",1,ECS-48S-POE-2150W-
ECS-24S-PoE(1050W),Enterprise Campus 24S PoE,Switching,Enterprise,/images/switch.jpg,"Enterprise-grade 24-port, Layer 3 Etherlighting™ PoE+++ switch with Stacking support and high-capacity 10 GbE RJ45 and 25G SFP28 connections for high availability system design.",1,ECS-24S-POE-1050W-
ECS-Aggregation,Enterprise Campus Aggregation,Switching,Enterprise,/images/switch.jpg,1.8 Tbps high-density 100G/25G Layer 3 Etherlighting™ aggregation switch with MC-LAG support for high availability system design.,1,ECS-AGGREGATION
USW-Pro-Max-48-PoE(720W),Pro Max 48 PoE,Switching,Professional Max & XG,/images/switch.jpg,"A 48-port, Layer 3 Etherlighting™ switch with 2.5 GbE and PoE++ output.",1,USW-PRO-MAX-48-POE-720W-
USW-Pro-Max-24-PoE(400W),Pro Max 24 PoE,Switching,Professional Max & XG,/images/switch.jpg,"A 24-port, Layer 3 Etherlighting™ switch capable of high-power PoE++ output.",1,USW-PRO-MAX-24-POE-400W-
USW-Pro-XG-48-PoE(1080),Pro XG 48 PoE,Switching,Professional Max & XG,/images/switch.jpg,"Professional-grade, 48-port Layer 3 Etherlighting™ PoE+++ switch with (32) 10 GbE, (16) 2.5 GbE PoE, and (4) 25G SFP28 ports.",1,USW-PRO-XG-48-POE-1080-
USW-Pro-XG-24-PoE(720W),Pro XG 24 PoE,Switching,Professional Max & XG,/images/switch.jpg,"Professional-grade, 24-port Layer 3 Etherlighting™ PoE+++ switch with (16) 10 GbE, (8) 2.5 GbE, and (2) 25G SFP28 ports.",1,USW-PRO-XG-24-POE-720W-
USW-Pro-HD-24-PoE(600W),Pro HD 24 PoE,Switching,Professional Max & XG,/images/switch.jpg,"Professional-grade, Layer 3 Etherlighting™ switch with (2) 10 GbE PoE++, (22) 2.5 GbE PoE++, and (4) 10G SFP+ ports.",1,USW-PRO-HD-24-POE-600W-
USW-Pro-XG-48,Pro XG 48,Switching,Professional Max & XG,/images/switch.jpg,"Professional-grade, 48-port Layer 3 Etherlighting™ switch with (32) 10 GbE, (16) 2.5 GbE, and (4) 25G SFP28 ports.",1,USW-PRO-XG-48
USW-Pro-XG-24,Pro XG 24,Switching,Professional Max & XG,/images/switch.jpg,"Professional-grade, 24-port Layer 3 Etherlighting™ switch with (16) 10 GbE, (8) 2.5 GbE, and (2) 25G SFP28 ports.",1,USW-PRO-XG-24
USW-Pro-XG-10-PoE(400W),Pro XG 10 PoE,Switching,Professional Max & XG,/images/switch.jpg,"1U, professional-grade 10-port, Layer 3 Etherlighting™ PoE+++ switch with (10) 10 GbE and (2) 10G SFP+ ports.",1,USW-PRO-XG-10-POE-400W-
USW-Pro-Max-16-PoE(180W),Pro Max 16 PoE,Switching,Professional Max & XG,/images/switch.jpg,"A 16-port, Layer 3 Etherlighting™ switch with 2.5 GbE, PoE++ output, and versatile mounting options.",1,USW-PRO-MAX-16-POE-180W-
USW-Pro-HD-24,Pro HD 24,Switching,Professional Max & XG,/images/switch.jpg,"Proffesional-grade, Layer 3 Etherlighting™ switch with (2) 10 GbE, (22) 2.5 GbE, and (4) 10G SFP+ ports.",1,USW-PRO-HD-24
USW-Pro-Max-48,Pro Max 48,Switching,Professional Max & XG,/images/switch.jpg,"A 48-port, Layer 3 Etherlighting™ switch with 2.5 GbE.",1,USW-PRO-MAX-48
USW-Pro-Max-24,Pro Max 24,Switching,Professional Max & XG,/images/switch.jpg,"A 24-port, Layer 3 Etherlighting™ switch with 2.5 GbE.",1,USW-PRO-MAX-24
USW-Pro-Max-16,Pro Max 16,Switching,Professional Max & XG,/images/switch.jpg,"A 16-port, Layer 3 Etherlighting™ switch 2.5 GbE and versatile mounting options.",1,USW-PRO-MAX-16
USW-Pro-48-PoE(600W),Pro 48 PoE,Switching,Professional,/images/switch.jpg,"A 48-port, Layer 3 switch capable of high-power PoE++ output",1,USW-PRO-48-POE-600W-
USW-Pro-24-PoE(400W),Pro 24 PoE,Switching,Professional,/images/switch.jpg,"A 24-port, Layer 3 switch capable of high-power PoE++ output.",1,USW-PRO-24-POE-400W-
USW-Pro-48,Pro 48,Switching,Professional,/images/switch.jpg,"A 48-port, Layer 3 switch supporting 10G SFP+ connections with fanless cooling.",1,USW-PRO-48
USW-Pro-24,Pro 24,Switching,Professional,/images/switch.jpg,"A 24-port, Layer 3 switch supporting 10G SFP+ connections with fanless cooling.",1,USW-PRO-24
USW-Enterprise-48-PoE(720W),Enterprise 48 PoE (Vintage),Switching,Professional,/images/switch.jpg,"A 48-Port, Layer 3 switch with 2.5 GbE PoE+ output.",1,USW-ENTERPRISE-48-POE-720W-
USW-Enterprise-24-PoE(400W),Enterprise 24 PoE (Vintage),Switching,Professional,/images/switch.jpg,"A 24-port, Layer 3 switch with 2.5 GbE PoE+ output.",1,USW-ENTERPRISE-24-POE-400W-
USW-Mission-Critical-(120W),UPS PoE Switch,Switching,Professional,/images/switch.jpg,A switch with an integrated 368Wh lithium-ion battery capable of providing un interruptible PoE to 8 devices.,1,USW-MISSION-CRITICAL--120W-
USW-48-PoE(195W),Standard 48 PoE,Switching,Standard,/images/switch.jpg,"A 48-port, Layer 2 PoE switch with a silent, fanless cooling system.",1,USW-48-POE-195W-
USW-24-PoE(95W),Standard 24 PoE,Switching,Standard,/images/switch.jpg,"A 24-port, Layer 2 PoE switch with a fanless cooling system.",1,USW-24-POE-95W-
USW-16-PoE(42W),Standard 16 PoE,Switching,Standard,/images/switch.jpg,"A 16-port, Layer 2 PoE switch with a silent, fanless cooling system.",1,USW-16-POE-42W-
USW-48,Standard 48,Switching,Standard,/images/switch.jpg,"A 48-port, Layer 2 switch with a silent, fanless cooling system.",1,USW-48
USW-24,Standard 24,Switching,Standard,/images/switch.jpg,"A 24-port, Layer 2 switch with a silent, fanless cooling system.",1,USW-24
USW-WAN,WAN Switch,Switching,WAN,/images/switch.jpg,10G SFP+ WAN Switch linking two Shadow Mode High Availability UniFi Gateways to a single ISP.,1,USW-WAN
USW-WAN-RJ45,WAN Switch RJ45,Switching,WAN,/images/switch.jpg,10 GbE WAN Switch linking two Shadow Mode High Availability UniFi Gateways to a single ISP.,1,USW-WAN-RJ45
USW-Lite-16-PoE(45W),Lite 16 PoE,Switching,Utility,/images/switch.jpg,"A wall-mounteable, 16-port, Layer 2 PoE switch with a fanless cooling system",1,USW-LITE-16-POE-45W-
USW-Lite-8-PoE(52W),Lite 8 PoE,Switching,Utility,/images/switch.jpg,"An 8-port, Layer 2 PoE switch supporting silent fanless cooling.",1,USW-LITE-8-POE-52W-
USW-Pro-XG-8-PoE(155W),Pro XG 8 PoE,Switching,Utility,/images/switch.jpg,"Compact desktop/wall-mountable, professional-grade 8-port, Layer 3 Etherlighting™ PoE++ switch with (8) 10 GbE and (2) 10G SFP+ ports.",1,USW-PRO-XG-8-POE-155W-
USW-Enterprise-8-PoE(120W),Enterprise 8 PoE (vintage),Switching,Utility,/images/switch.jpg,"An 8-port, Layer 3 switch with 2.5 GbE PoE+ output.",1,USW-ENTERPRISE-8-POE-120W-
USW-Pro-8-PoE(120W),Pro 8 PoE,Switching,Utility,/images/switch.jpg,"An 8-port, Layer 3 switch with PoE+ and PoE++ output.",1,USW-PRO-8-POE-120W-
USW-Ultra-210W(202W),Ultra 210W,Switching,Utility,/images/switch.jpg,"A compact, Layer 2, 8-port GbE PoE switch with versatile mounting options.",1,USW-ULTRA-210W-202W-
USW-Ultra-60W(52W),Ultra 60W,Switching,Utility,/images/switch.jpg,"A compact, Layer 2, 8-port GbE PoE switch with versatile mounting options.",1,USW-ULTRA-60W-52W-
USW-Ultra(42W),Ultra,Switching,Utility,/images/switch.jpg,"A compact, Layer 2, 8-port GbE PoE switch with versatile mounting options.",1,USW-ULTRA-42W-
USW-Flex-2.5G-8-PoE(196W),Flex 2.5G PoE,Switching,Utility,/images/switch.jpg,"Flexible, 8-port 2.5 GbE PoE++ switch with a 10 GbE RJ45/SFP+ combination uplink port that can be powered with PoE+++ or an AC power adapter.",1,USW-FLEX-2-5G-8-POE-196W-
USW-Flex-2.5G-8,Flex 2.5G,Switching,Utility,/images/switch.jpg,"Flexible, 8-port 2.5 GbE switch with a 10 GbE RJ45/SFP+ combination uplink port that can be powered with a USB-C or PoE+ adapter.",1,USW-FLEX-2-5G-8
USW-Flex-2.5G-5,Flex Mini 2.5G,Switching,Utility,/images/switch.jpg,"Compact, 5-port 2.5G switch that can be powered with PoE or a USB-C adapter.",1,USW-FLEX-2-5G-5
USW-Flex-Mini,Flex Mini,Switching,Utility,/images/switch.jpg,"A compact, 5-port, Layer 2 switch that can be powered with PoE or a 5V USB-C adapter.",1,USW-FLEX-MINI
USW-Flex(46W),Flex,Switching,Utility,/images/switch.jpg,"Flexible 5-port, Layer 2 PoE switch for indoor and outdoor use, that can be powered with PoE++.",1,USW-FLEX-46W-
USW-Flex-Utility,Flex Utility,Switching,Utility,/images/switch.jpg,The Switch Flex Utility is an outdoor weatherproof enclosure designed for use with the Switch Flex.,1,USW-FLEX-UTILITY
UACC-Flex-Utility-Pro,Flex Utility Pro,Switching,Utility,/images/switch.jpg,"A universal outdoor weatherproof enclosure. Protect your networking gear in any environment with this versatile, durable enclosure, designed for both wall and pole mounting. The enclosure features ample internal space to house a power adapter or PoE injector.",1,UACC-FLEX-UTILITY-PRO
USW-Flex-XG,Flex 10 GbE,Switching,Utility,/images/switch.jpg,"A Compact, 5-Port, Layer 2 Switch that supports 10 GbE speeds and can be powered with PoE or a 5V USB-C adapter.",1,USW-FLEX-XG
E7,E7,WiFi,Enterprise,/images/products/Product-UDR-5G-Max.png,"Enterprise-grade indoor access point with 10-stream WiFi 7 performance, a 10 GbE uplink, and a redundant GbE port for high availability.",0,E7
E7-Campus,E7 Campus,WiFi,Enterprise,/images/wifi-ap.jpg,"Enterprise-grade indoor/outdoor access point with 10-stream tri-band WiFi 7 performance, PRISM™ active RF filtering technology, integrated directional antennas, a 10 GbE uplink, and a redundant GbE port for high availability..",0,E7-CAMPUS
E7-Audience,E7 Audience,WiFi,Enterprise,/images/products/Product-UDR-5G-Max.png,"Enterprise-grade, indoor/outdoor access point designed for high-density environments with 12-stream 5 GHz and 6 GHz WiFi 7 performance, a 10 GbE uplink, and a redundant GbE port for high availability.",0,E7-AUDIENCE
U7-Pro-XGS,U7 Pro XGS,WiFi,Flagship,/images/products/Product-UDR-5G-Max.png,Ceiling-mounted 8-stream WiFi 7 AP with dedicated spectral scanning radio and 10/5/2.5/1 GbE support.,0,U7-PRO-XGS
U7-Pro-XG,U7 Pro XGS,WiFi,Flagship,/images/products/Product-UDR-5G-Max.png,Ceiling-mounted 6-stream WiFi 7 AP with 10/5/2.5/1 GbE support.,0,U7-PRO-XG
U7-Pro-Max,U7 Pro Max,WiFi,Flagship,/images/products/Product-UDR-5G-Max.png,"Ceiling-mounted WiFi 7 AP with 8 spatial streams, 6 GHz support, and a dedicated spectral scanning engine for interference-free WiFi in demanding, large-scale environments.",0,U7-PRO-MAX
U7-Pr0,U7 Pro,WiFi,Flagship,/images/products/Product-UDR-5G-Max.png,"Ceiling-mounted WiFi 7 AP with 6 spatial streams, 6 GHz support for interference-free WiFi in demanding, large-scale environments.",0,U7-PR0
U7-LR,U7 Long Range,WiFi,Flagship,/images/products/Product-UDR-5G-Max.png,"Compact, ceiling-mount WiFi 7 AP with 5 spatial streams and extended signal range.",0,U7-LR
U7-Lite,U7 Lite,WiFi,Flagship,/images/products/Product-UDR-5G-Max.png,"Compact, ceiling-mount WiFi 7 AP with 4 spatial streams and 2.5 GbE uplink.",0,U7-LITE
U6-Enterprise,U6 Enterprise,WiFi,Flagship,/images/products/Product-UDR-5G-Max.png,"Ceiling-mounted WiFI 6E AP with 10 spatial streams and 6 GHz support to provide seamless, multi-band coverage within high client density environments.",0,U6-ENTERPRISE
U6-Pro,U6 Pro,WiFi,Flagship,/images/products/Product-UDR-5G-Max.png,Ceiling-mounted WiFi 6 AP with 6 spatial streams designed for large offices.,0,U6-PRO
U6-PLUS,U6+,WiFi,Flagship,/images/products/Product-UDR-5G-Max.png,"Compact, ceiling-mounted WiFi 6 AP with 4 spatial streams that improves upon the U6 Lite with higher performance and dual-band WiFi 6 support. Ideal for small and medium-sized businesses.",0,U6-PLUS
UAP-AC-PRO,AC Pro,WiFi,Flagship,/images/products/Product-UDR-5G-Max.png,Ceiling-mounted WiFi 5 AP with 6 spatial streams designed for large offices.,0,UAP-AC-PRO
U7-Pro-XG-Wall,U7 Pro XG Wall,WiFi,Wall,/images/products/Product-UDR-5G-Max.png,Wall-mounted 6 GHz-ready WiFi 7 AP with 1/2.5/10 GbE support.,0,U7-PRO-XG-WALL
U7-Pro-Wall,U7 Pro Wall,WiFi,Wall,/images/products/Product-UDR-5G-Max.png,Wall-mounted WiFi 7 AP with 6 spatial streams and 6 GHz support tailored for home builders with seamless installation options.,0,U7-PRO-WALL
U7-IW,U7 In-Wall,WiFi,Wall,/images/products/Product-UDR-5G-Max.png,Wall-mounted WiFi 7 AP with 4 spatial streams and an integrated 2.5 GbE PoE switch designed for hospitality environments.,0,U7-IW
U6-Enterprise-IW,U6 Enterprise In-Wall,WiFi,Wall,/images/products/Product-UDR-5G-Max.png,"Wall-mounted WiFi 6E AP with 10 spatial streams, 6 GHz support, and a built-in 4-port switch. Designed for high-density office networks.",0,U6-ENTERPRISE-IW
U6-IW,U6 In-Wall,WiFi,Wall,/images/products/Product-UDR-5G-Max.png,Wall-mounted WiFi 6 AP with 6 spatial streams and a built-in 4‑port switch ideal for single-room coverage in hospitality environments.,0,U6-IW
U6-Extender,U6 Extender,WiFi,Wall,/images/products/Product-UDR-5G-Max.png,Easy-to-deploy WiFi 6 coverage extender that fits a standard wall outlet.,0,U6-EXTENDER
U7-Pro-Outdoor,U7 Pro Outdoor,WiFi,Outdoor,/images/products/Product-UDR-5G-Max.png,"All-weather IP67 WiFi 7 AP with 6 spatial streams, extended-range AFC 6 GHz support, integrated directional super antenna, and articulation mounting bracket.",0,U7-PRO-OUTDOOR
U7-Outdoor,U7 Outdoor,WiFi,Outdoor,/images/products/Product-UDR-5G-Max.png,"All-weather IP67 WiFi 7 AP with 4 spatial streams, an integrated directional super antenna, and versatile mounting options",0,U7-OUTDOOR
U6-Mesh,U6 Mesh,WiFi,Outdoor,/images/products/Product-UDR-5G-Max.png,"Sleek, indoor/outdoor WiFi 6 AP with 6 spatial streams designed for mesh applications",0,U6-MESH
U6-Mesh-Pro,U6 Mesh Pro,WiFi,Outdoor,/images/products/Product-UDR-5G-Max.png,"Sleek, indoor/outdoor WiFi 6 AP with 4 spatial streams , an integrated super antenna, and a gigabit passthrough port.",0,U6-MESH-PRO
AC Mesh,UAP-AC-M,WiFi,Outdoor,/images/products/Product-UDR-5G-Max.png,"Compact, indoor/outdoor WiFi 5 AP with 4 spatial streams and optional external antenna support for directional coverage.",0,AC-MESH
UK-Ultra,Swiss Army Knife,WiFi,Outdoor,/images/products/Product-UDR-5G-Max.png,"Incredibly compact, indoor/outdoor AP with versatile mounting options and long-range external antenna support.",0,UK-ULTRA
Product Collection,E7 Audience,WiFi,Mega Capacity,/images/products/Product-UDR-5G-Max.png,"Enterprise-grade, indoor/outdoor access point designed for high-density environments with 12-stream 5 GHz and 6 GHz WiFi 7 performance, a 10 GbE uplink, and a redundant GbE port for high availability.",0,PRODUCT-COLLECTION
UWB-XG,WiFI BaseStation XG,WiFi,Mega Capacity,/images/products/Product-UDR-5G-Max.png,"Tri-radio WiFi 5 AP with 12 spatial streams and a selectable beamforming antenna, designed for high-density applications at large venue.",0,UWB-XG
UDB-Pro-Sector,Device Bridge Pro Sector,WiFi,Bridging,/images/products/Product-UDR-5G-Max.png,5 GHz point-to-multipoint access point that wirelessly bridges 50+ Device Bridge Pro clients at 5+ km distances.,0,UDB-PRO-SECTOR
UDB-Pro,Device Bridge Pro ,WiFi,Bridging,/images/products/Product-UDR-5G-Max.png,5 GHz wireless bridge with PoE output that connects at 5+ km distance or seamlessly uplinks to UniFI WiFI.,0,UDB-PRO
UDB,Device Bridge,WiFi,Bridging,/images/products/Product-UDR-5G-Max.png,"Plug-and-play, wireless bridging PoE adapter with integrated UniFI WiFI Auto-Link.",0,UDB
UBB,Building Bridge,WiFi,Bridging,/images/products/Product-UDR-5G-Max.png,60 GHz wireless point-to-point bridge with a 5 GHz backup radio.,0,UBB
UDB-Switch(35W),Device Bridge Switch,WiFi,Bridging,/images/products/Product-UDR-5G-Max.png,"Compact PoE+ switch* with (1) 10 GbE port, (7) 2.5 GbE ports, and 6 GHz-ready WiFi 7 bridging integration for seamless, high-capacity wireless uplink to UniFi WiFi..",0,UDB-SWITCH-35W-
UBB-XG,Device Bridge XG,WiFi,Bridging,/images/products/Product-UDR-5G-Max.png,60 GHz wireless point-to-point bridge with a 10G SFP+ uplink for maximum performance and a 5 GHz backup radio.,0,UBB-XG
UDB-IoT,Device Bridge IoT,WiFi,Bridging,/images/products/Product-UDR-5G-Max.png,"Ultra-compact wireless bridge for IoT devices with integrated UniFi WiFi Auto-Link, versatile mounting options, and powered by USB Type-C or 4-pin DC socket.",0,UDB-IOT
UTR,UniFI Travel Router,WiFi,Bridging,/images/products/Product-UDR-5G-Max.png,"An ultra-slim travel router that instantly extends your UniFi Network wherever you are, bringing secure, familiar connectivity to remote locations..",0,UTR